url,status,source,signal_name,provider_hint,growth,profit,equity,started,latest_trade,trades_total,profit_trades,loss_trades,best_trade,worst_trade,profit_factor,expected_payoff,btc_deals,sol_deals
https://www.mql5.com/en/signals/138420,ok,mql5-public,MetaTrader 4 / SFE Portfolio1,SFE Portfolio1,1 555.61%,7 876.53 EUR,3 201.54 EUR,2023.10.20 01:16:40,1 day ago,3 171,2 057 (64.86%),1 114 (35.13%),1 028.33 EUR,-781.62 EUR,1.43,2.48 EUR,362,
https://www.mql5.com/en/signals/1506209,ok,mql5-public,MetaTrader 4 / BTC Portfolio I,BTC Portfolio I,2 562.51%,1 163 609.01 HKD,708 813.82 HKD,2022.04.29 18:58:10,19 hours ago,4 248,2 543 (59.86%),1 705 (40.14%),67 967.57 HKD,-25 916.80 HKD,1.21,273.92 HKD,1366,
https://www.mql5.com/en/signals/1521998,ok,mql5-public,MetaTrader 5 / Crypto Trading Pepper,Crypto Trading Pepper,2 789.81%,119 532.21 USD,103 032.21 USD,2022.05.11 13:01:44,19 hours ago,1 633,768 (47.03%),865 (52.97%),4 980.80 USD,-1 924.22 USD,1.29,73.20 USD,1344,
https://www.mql5.com/en/signals/1719023,ok,mql5-public,MetaTrader 4 / GlobalX Multistrategies,GlobalX Multistrategies,623.41%,4 113.01 EUR,18 934.44 EUR,2025.07.21 09:11:15,50 minutes ago,2 847,1 724 (60.55%),1 123 (39.45%),228.94 EUR,-184.69 EUR,1.16,1.44 EUR,230,
https://www.mql5.com/en/signals/1733248,ok,mql5-public,MetaTrader 5 / InvestForce Passion,InvestForce Passion,278.17%,1 011.38 USD,10 906.84 USD,2022.10.05 18:41:59,2 days ago,1 728,1 173 (67.88%),555 (32.12%),634.32 USD,-1 769.02 USD,1.03,0.59 USD,,
https://www.mql5.com/en/signals/1737977,ok,mql5-public,MetaTrader 4 / Stable growth pro,Stable growth pro,151.24%,7 398.56 EUR,10 891.73 EUR,2022.10.11 09:11:04,6 hours ago,7 979,5 557 (69.64%),2 422 (30.35%),365.91 EUR,-471.30 EUR,1.18,0.93 EUR,49,
https://www.mql5.com/en/signals/1762388,ok,mql5-public,MetaTrader 4 / EA Happy Bitcoin M30 TMGM,EA Happy Bitcoin M30 TMGM,206.59%,10 329.36 USD,15 329.36 USD,2022.11.04 18:27:01,38 minutes ago,949,836 (88.09%),113 (11.91%),667.50 USD,-625.00 USD,1.30,10.88 USD,949,
https://www.mql5.com/en/signals/1815712,ok,mql5-public,MetaTrader 4 / MEA Exness,MEA Exness,318.16%,1 935.53 USD,2 214.05 USD,2023.01.01 14:41:34,8 hours ago,585,265 (45.29%),320 (54.70%),237.54 USD,-239.11 USD,1.37,3.31 USD,356,
https://www.mql5.com/en/signals/1887334,ok,mql5-public,MetaTrader 4 / Niguru GBP,Niguru GBP,18 709.80%,1 995.88 USD,2 643.87 USD,"2023.03.08 17:48:56 Watch the video tutorials about trading signals on YouTube Niguru GBP Nino Guevara Ruwano 1 review Reliability 157 weeks 0 / 0 USD Copy for 888 USD per month growth since 2023 18 710% FBS-Real-3 1:500 How to subscribe? Account Trading history Statistics Risks Slippage Description Reviews 1 What's new To see trades in realtime, please log in or register Growth Balance How is the Growth in Signals Calculated? Equity Drawdown Trades: 1 380 Profit Trades: 1 222 (88.55%) Loss Trades: 158 (11.45%) Best trade: 115.84 USD Worst trade: -93.15 USD Gross Profit: 3 978.97 USD ( 345 095 pips) Gross Loss: -1 983.09 USD ( 190 276 pips) Maximum consecutive wins: 93 ( 616.99 USD) Maximal consecutive profit: 616.99 USD (93) Sharpe Ratio: 0.22 Trading activity: 62.17% Max deposit load: 13.36% Latest trade: 25 minutes ago Trades per week: 19 Avg holding time: 5 days Recovery Factor: 3.95 Long Trades: 879 (63.70%) Short Trades: 501 (36.30%) Profit Factor: 2.01 Expected Payoff: 1.45 USD Average Profit: 3.26 USD Average Loss: -12.55 USD Maximum consecutive losses: 13 ( -437.85 USD) Maximal consecutive loss: -437.85 USD (13) Monthly growth: 1.67% Annual Forecast: 20.31% Algo trading: 100% Drawdown by balance: Absolute: 0.00 USD Maximal: 505.53 USD (20.73%) Relative drawdown: By Balance: 25.40% ( 33.99 USD) By Equity: 39.36% ( 28.55 USD) Distribution Symbol Deals Sell Buy GBPUSD 1379 XAUUSD 1 250 500 750 1K 1.3K 1.5K 1.8K 2K 250 500 750 1K 1.3K 1.5K 1.8K 2K 250 500 750 1K 1.3K 1.5K 1.8K 2K Symbol Gross Profit, USD Loss, USD Profit, USD GBPUSD 2K XAUUSD 0 1K 2K 3K 4K 5K 6K 1K 2K 3K 4K 5K 6K 1K 2K 3K 4K 5K 6K Symbol Gross Profit, pips Loss, pips Profit, pips GBPUSD 155K XAUUSD 3 100K 200K 300K 400K 500K 600K 100K 200K 300K 400K 500K 600K 100K 200K 300K 400K 500K 600K Deposit load Drawdown Best trade: &#x2B;115.84 USD Worst trade: -93 USD Maximum consecutive wins: 93 Maximum consecutive losses: 13 Maximal consecutive profit: &#x2B;616.99 USD Maximal consecutive loss: -437.85 USD The average slippage based on execution statistics on real accounts of various brokers is specified in pips. It depends on the difference between the provider's quotes from ""FBS-Real-3"" and the subscriber's quotes, as well as on order execution delays. Lower values mean better quality of copying. TitanFX-05 0.00 &times; 8 OctaFX-Real6 0.00 &times; 1 FPMarkets-Live 0.00 &times; 1 ICMarkets-Live17 0.00 &times; 6 EvolveMarkets-MT4 Live Server 0.00 &times; 2 FusionMarkets-Live 2 0.00 &times; 1 EightcapLtd-Real-4 0.00 &times; 1 AxioryAsia-06Live 0.00 &times; 1 RallyvilleMarkets-Live 0.00 &times; 1 VantageFX-Live 3 0.00 &times; 1 VantageFXInternational-Live 4 0.00 &times; 3 ICMarkets-Live22 0.00 &times; 4 TopFXGlobal-Live Server 0.00 &times; 3 ICTrading-Live31 0.00 &times; 21 Exness-Real14 0.00 &times; 6 ICMarketsSC-Live24 0.00 &times; 1 SuperForex-Real 0.00 &times; 18 Axi-US02-Live 0.00 &times; 3 TPGlobal-Live 0.00 &times; 10 Axi-US07-Live 0.00 &times; 3 LiteFinance-ECN2.com 0.00 &times; 2 FBS-Real-12 0.00 &times; 2 ForexClub-MT4 Market Real 3 Server 0.00 &times; 6 QtradeFX-Live2 0.00 &times; 1 VantageFXInternational-Live 8 0.00 &times; 2 324 more... To see trades in realtime, please log in or register CFDs &amp; leveraged FX are complex instruments and come with a high risk of losing money rapidly due to leverage. Trading isn’t suitable for everyone and you should consider whether you understand how these products work and whether you can afford to take the high risk of losing your money. If there are problems using copying this trade signal, try to check whether the opening trades on your account are really the same as the opening trades shown in history. If there are problems, please contact me via PM. I will be happy to help solve your problem with pleasure. Make sure your account is synchronized correctly, so that every position opened and closed on this account will be the same as yours. Average rating: 360 Juergen Schnitzler 2023.06.16 10:12 # This is a very strange signal. I've got nothing running on GBPUSD except Niguru GBP. Interestingly, the trades which have got Niguru GBP in the comment, usually close with some earnings. BUT, the signal additionally opens trades in GBPUSD pair which aren't labelled Niguru GBP but ""from #3xxxxxxxxx"" instead. It seems to me that Niguru itself is getting signals which are copied to my account, too. These signals, though, are horrible and end in huge losses. So, Mr. Ruwano, stop sending me the additional trades and keep it with Niguru only - immediately! 2025.10.22 15:02 Removed warning: Low trading activity - not enough trades detected during the last month 2025.10.21 23:40 Removed warning: No trading activity detected on the Signal's account for the recent period 2025.10.18 18:07 Low trading activity - only 6 trades detected in the last month 2025.10.14 22:17 Removed warning: Low trading activity - not enough trades detected during the last month 2025.10.09 15:35 Low trading activity - only 7 trades detected in the last month 2025.10.03 20:36 Removed warning: Low trading activity - not enough trades detected during the last month 2025.10.03 07:53 Low trading activity - only 7 trades detected in the last month 2025.09.26 14:55 Removed warning: No trading activity detected on the Signal's account for the recent period 2025.09.25 05:45 No trading activity detected on the Signal's account for the last 6 days 2025.08.05 13:48 Removed warning: No trading activity detected on the Signal's account for the recent period 2025.08.03 18:40 No trading activity detected on the Signal's account for the last 6 days 2025.07.07 07:09 No swaps are charged on the signal account 2025.06.30 07:34 No swaps are charged 2025.06.30 07:34 No swaps are charged 2025.06.12 15:00 No swaps are charged on the signal account 2025.05.20 12:15 Removed warning: High current drawdown indicates the absence of risk limitation 2025.05.20 11:09 High current drawdown in 30% indicates the absence of risk limitation 2025.05.19 23:20 Removed warning: High current drawdown indicates the absence of risk limitation 2025.05.19 21:14 High current drawdown in 30% indicates the absence of risk limitation 2025.05.03 21:11 Removed warning: Too much growth in the last month indicates a high risk More &darr; To see trades in realtime, please log in or register Signal Price Growth Subscribers Funds Balance Weeks Expert Advisors Trades Win % Activity PF Expected Payoff Drawdown Leverage Niguru GBP 888 USD per month 18 710% 0 0 USD 3.7K USD 157 100% 1 380 88% 62% 2.00 1.45 USD 39% 1:500 Copy Start copying in MetaTrader &rarr; How trade copying is performed in MetaTrader? Watch video tutorial Subscription to a signal allows you to copy provider's trades within 1 month. In order for subscription to work, you should use MetaTrader 4 trading terminal. If you have not installed the platform yet, you can download it here . Online trading / WebTerminal Free technical indicators and robots Articles about programming and trading Order trading robots on the Freelance Market of Expert Advisors and applications&#x9; Follow forex signals Low latency forex VPS Traders forum Trading blogs Charts Free widgets MetaTrader 5 Trading Platform MetaTrader 5 latest updates News, implementations and technology MetaTrader 5 User Manual MQL5 language of trading strategies MQL5 Cloud Network MQL5 Algo Forge Download MetaTrader 5 Install Platform Uninstall Platform About Timeline Terms and Conditions Recurring Payment Agreement Agency Agreement – Offer Privacy and Data Protection Policy Cookies Policy Contacts and requests MetaTrader 5 Download MetaTrader 5 for Windows Download MetaTrader 5 for MacOS Download MetaTrader 5 for Linux Open MetaTrader 5 WebTerminal Scan to install from App Store Scan to install from Google Play Scan to install from Huawei AppGallery Scan to get Android APK file MQL5 Channels Scan to install from App Store Scan to install from Google Play Scan to install from Huawei AppGallery Scan to get Android APK file Economic Calendar Scan to install from App Store Scan to install from Google Play Scan to install from Huawei AppGallery Scan to get Android APK file Follow us on socials for top articles and CodeBase updates Not a broker, no real trading accounts 35 Dodekanisou str, Germasogeia, 4043, Limassol, Cyprus Copyright 2000-2026, MetaQuotes Ltd",25 minutes ago,1 380,1 222 (88.55%),158 (11.45%),115.84 USD,-93.15 USD,2.01,1.45 USD,,
https://www.mql5.com/en/signals/1905285,ok,mql5-public,MetaTrader 4 / Tem9 2,Tem9 2,235.22%,2 943.91 EUR,2 868.78 EUR,2023.03.25 17:28:36,41 minutes ago,12 081,9 771 (80.87%),2 310 (19.12%),795.35 EUR,-684.38 EUR,1.23,0.24 EUR,3,
https://www.mql5.com/en/signals/1932739,ok,mql5-public,MetaTrader 4 / TP TRADER,TP TRADER,1 447.63%,93 223.05 USD,53 223.05 USD,"2025.12.02 02:50:53 Watch the video tutorials about trading signals on YouTube TP TRADER Wei Chen 4 reviews Reliability 325 weeks 0 / 0 USD Copy for 200 USD per month growth since 2019 1 448% CPTMarkets-Live01 1:500 How to subscribe? Account Trading history Statistics Risks Slippage Reviews 4 What's new To see trades in realtime, please log in or register Growth Balance How is the Growth in Signals Calculated? Equity Drawdown Trades: 13 926 Profit Trades: 6 673 (47.91%) Loss Trades: 7 253 (52.08%) Best trade: 1 071.36 USD Worst trade: -440.64 USD Gross Profit: 289 056.99 USD ( 1 553 810 pips) Gross Loss: -195 833.94 USD ( 1 449 922 pips) Maximum consecutive wins: 63 ( 2 202.81 USD) Maximal consecutive profit: 2 589.08 USD (8) Sharpe Ratio: 0.07 Trading activity: 8.43% Max deposit load: 5.98% Latest trade: 11 minutes ago Trades per week: 23 Avg holding time: 4 hours Recovery Factor: 25.74 Long Trades: 6 918 (49.68%) Short Trades: 7 008 (50.32%) Profit Factor: 1.48 Expected Payoff: 6.69 USD Average Profit: 43.32 USD Average Loss: -27.00 USD Maximum consecutive losses: 121 ( -382.82 USD) Maximal consecutive loss: -1 769.77 USD (5) Monthly growth: 13.76% Annual Forecast: 166.97% Algo trading: 99% Drawdown by balance: Absolute: 1 105.28 USD Maximal: 3 621.46 USD (8.92%) Relative drawdown: By Balance: 19.06% ( 2 094.24 USD) By Equity: 1.99% ( 807.84 USD) Distribution Symbol Deals Sell Buy EURUSD 4780 XAUUSD 4013 GBPUSD 1906 USDJPY 1179 AUDUSD 639 EURJPY 576 USDCHF 483 EURAUD 255 EURCAD 94 BTCUSD 1 1K 2K 3K 4K 5K 1K 2K 3K 4K 5K 1K 2K 3K 4K 5K Symbol Gross Profit, USD Loss, USD Profit, USD EURUSD 12K XAUUSD 70K GBPUSD 3.5K USDJPY 9.5K AUDUSD -785 EURJPY 166 USDCHF -394 EURAUD -658 EURCAD -87 BTCUSD 1 25K 50K 75K 100K 125K 150K 175K 200K 225K 250K 275K 300K 25K 50K 75K 100K 125K 150K 175K 200K 225K 250K 275K 300K 25K 50K 75K 100K 125K 150K 175K 200K 225K 250K 275K 300K Symbol Gross Profit, pips Loss, pips Profit, pips EURUSD -11K XAUUSD 179K GBPUSD 4K USDJPY 24K AUDUSD -64K EURJPY 45K USDCHF -23K EURAUD -42K EURCAD -6.3K BTCUSD 15 250K 500K 750K 1M 1.3M 1.5M 1.8M 2M 250K 500K 750K 1M 1.3M 1.5M 1.8M 2M 250K 500K 750K 1M 1.3M 1.5M 1.8M 2M Deposit load Drawdown Best trade: &#x2B;1 071.36 USD Worst trade: -441 USD Maximum consecutive wins: 8 Maximum consecutive losses: 5 Maximal consecutive profit: &#x2B;2 202.81 USD Maximal consecutive loss: -382.82 USD The average slippage based on execution statistics on real accounts of various brokers is specified in pips. It depends on the difference between the provider's quotes from ""CPTMarkets-Live01"" and the subscriber's quotes, as well as on order execution delays. Lower values mean better quality of copying. ICMarketsSC-Live06 0.75 &times; 4 VantageInternational-Live 11 1.25 &times; 4 Tickmill-Live08 1.46 &times; 39 FusionMarkets-Live 2 1.89 &times; 38 ICTrading-Live29 2.25 &times; 4 Valutrades-Real-HK 2.35 &times; 23 Tickmill-Live09 2.40 &times; 5 ICMarketsSC-Live08 2.74 &times; 69 ICMarketsSC-Live04 2.75 &times; 4 xChief-Demo 3.33 &times; 48 UltimaMarkets-Live 2 3.33 &times; 30 DooPrime-Live 4 3.67 &times; 3 RoboForex-ECN-3 4.40 &times; 5 Exness-Real33 4.78 &times; 9 TitanFX-06 5.00 &times; 33 RoboForex-ProCent-6 5.25 &times; 4 Capital.com-Real 6.00 &times; 10 Axi-US888-Live 6.25 &times; 4 Darwinex-Live 6.33 &times; 6 FPMarketsLLC-Live2 6.75 &times; 4 Tickmill-Live04 7.02 &times; 56 Pepperstone-Edge01 7.33 &times; 3 Exness-Real 7.50 &times; 4 Pepperstone-Edge12 7.50 &times; 6 ICMarketsSC-Live25 8.39 &times; 123 11 more... To see trades in realtime, please log in or register Average rating: 1415 Saleh Alghanem 2025.08.27 08:54 (modified 2025.08.27 08:54) # يستخدم وسيط لا يوجد فيه انزلاق في السعر شاهدوا سعر وقف الخسارة والسعر الفعلي لخروجه من الصفقه لايوجد اختلاف ولو نقطه واحد وهذا يدعوا للاستغراب ، مستحيل كل صفقاته متطابقه مع الاوامر المعلقه ولم يكن هناك اي انزلاق ! الخلاصه هو يستخدم وسيط غير موثوق ولهذا تجد انه يربح غالبا ولا اعلم لماذا عارض اشاراته للناس وبهذا السعر 304 Robert Carmona 2025.08.19 12:12 # If you copy this signal, your account will lose money, while the signal provider makes money due to slippage. My first month the signal provider made over 4% and my account lost 2% and I was with IC Markets, a fast ECN broker, so unfortunately not the best strategy for copy trading. 645 Ng Siu Kwai 2025.07.17 03:34 # Breakout Stragtegy too short and Signal is profit, but following account lost due to difference brokers quote and slippage. 123 Sam Loc 2025.06.26 04:28 # is 60% growth Too much woooww? You would have grown by 5-15% at most. We can work with you on small accounts. 2023.04.22 12:39 80% of growth achieved within 5 days. This comprises 0.41% of days out of 1220 days of the signal's entire lifetime. To see trades in realtime, please log in or register Signal Price Growth Subscribers Funds Balance Weeks Expert Advisors Trades Win % Activity PF Expected Payoff Drawdown Leverage TP TRADER 200 USD per month 1 448% 0 0 USD 53K USD 324 99% 13 926 47% 8% 1.47 6.69 USD 19% 1:500 Copy Start copying in MetaTrader &rarr; How trade copying is performed in MetaTrader? Watch video tutorial Subscription to a signal allows you to copy provider's trades within 1 month. In order for subscription to work, you should use MetaTrader 4 trading terminal. If you have not installed the platform yet, you can download it here . Online trading / WebTerminal Free technical indicators and robots Articles about programming and trading Order trading robots on the Freelance Market of Expert Advisors and applications&#x9; Follow forex signals Low latency forex VPS Traders forum Trading blogs Charts Free widgets MetaTrader 5 Trading Platform MetaTrader 5 latest updates News, implementations and technology MetaTrader 5 User Manual MQL5 language of trading strategies MQL5 Cloud Network MQL5 Algo Forge Download MetaTrader 5 Install Platform Uninstall Platform About Timeline Terms and Conditions Recurring Payment Agreement Agency Agreement – Offer Privacy and Data Protection Policy Cookies Policy Contacts and requests MetaTrader 5 Download MetaTrader 5 for Windows Download MetaTrader 5 for MacOS Download MetaTrader 5 for Linux Open MetaTrader 5 WebTerminal Scan to install from App Store Scan to install from Google Play Scan to install from Huawei AppGallery Scan to get Android APK file MQL5 Channels Scan to install from App Store Scan to install from Google Play Scan to install from Huawei AppGallery Scan to get Android APK file Economic Calendar Scan to install from App Store Scan to install from Google Play Scan to install from Huawei AppGallery Scan to get Android APK file Follow us on socials for top articles and CodeBase updates Not a broker, no real trading accounts 35 Dodekanisou str, Germasogeia, 4043, Limassol, Cyprus Copyright 2000-2026, MetaQuotes Ltd",11 minutes ago,13 926,6 673 (47.91%),7 253 (52.08%),1 071.36 USD,-440.64 USD,1.48,6.69 USD,1,
https://www.mql5.com/en/signals/2049326,ok,mql5-public,MetaTrader 5 / SFE Impulse,SFE Impulse,265.24%,2 007.86 EUR,1 857.86 EUR,2023.08.22 01:02:23,5 hours ago,799,472 (59.07%),327 (40.93%),53.36 EUR,-51.88 EUR,1.48,2.51 EUR,367,
https://www.mql5.com/en/signals/2050403,error:HTTP Error 403: Forbidden,,,,,,,,,,,,,,,,,
https://www.mql5.com/en/signals/2077624,error:HTTP Error 403: Forbidden,,,,,,,,,,,,,,,,,
https://www.mql5.com/en/signals/2081586,error:HTTP Error 403: Forbidden,,,,,,,,,,,,,,,,,
https://www.mql5.com/en/signals/2084890,error:HTTP Error 403: Forbidden,,,,,,,,,,,,,,,,,
https://www.mql5.com/en/signals/2093286,error:HTTP Error 403: Forbidden,,,,,,,,,,,,,,,,,
https://www.mql5.com/en/signals/2111288,error:HTTP Error 403: Forbidden,,,,,,,,,,,,,,,,,
https://www.mql5.com/en/signals/2111391,error:HTTP Error 403: Forbidden,,,,,,,,,,,,,,,,,
https://www.mql5.com/en/signals/2116681,error:HTTP Error 403: Forbidden,,,,,,,,,,,,,,,,,
https://www.mql5.com/en/signals/2126101,error:HTTP Error 403: Forbidden,,,,,,,,,,,,,,,,,
https://www.mql5.com/en/signals/2135277,error:HTTP Error 403: Forbidden,,,,,,,,,,,,,,,,,
https://www.mql5.com/en/signals/2137507,error:HTTP Error 403: Forbidden,,,,,,,,,,,,,,,,,
https://www.mql5.com/en/signals/2142461,error:HTTP Error 403: Forbidden,,,,,,,,,,,,,,,,,
https://www.mql5.com/en/signals/2153920,error:HTTP Error 403: Forbidden,,,,,,,,,,,,,,,,,
https://www.mql5.com/en/signals/2160595,error:HTTP Error 403: Forbidden,,,,,,,,,,,,,,,,,
https://www.mql5.com/en/signals/2160627,error:HTTP Error 403: Forbidden,,,,,,,,,,,,,,,,,
https://www.mql5.com/en/signals/2172246,error:HTTP Error 403: Forbidden,,,,,,,,,,,,,,,,,
https://www.mql5.com/en/signals/2181186,error:HTTP Error 403: Forbidden,,,,,,,,,,,,,,,,,
https://www.mql5.com/en/signals/2184299,error:HTTP Error 403: Forbidden,,,,,,,,,,,,,,,,,
https://www.mql5.com/en/signals/2184802,error:HTTP Error 403: Forbidden,,,,,,,,,,,,,,,,,
https://www.mql5.com/en/signals/2193150,error:HTTP Error 403: Forbidden,,,,,,,,,,,,,,,,,
https://www.mql5.com/en/signals/2194236,error:HTTP Error 403: Forbidden,,,,,,,,,,,,,,,,,
https://www.mql5.com/en/signals/2195619,error:HTTP Error 403: Forbidden,,,,,,,,,,,,,,,,,
https://www.mql5.com/en/signals/2196221,error:HTTP Error 403: Forbidden,,,,,,,,,,,,,,,,,
https://www.mql5.com/en/signals/2196315,error:HTTP Error 403: Forbidden,,,,,,,,,,,,,,,,,
https://www.mql5.com/en/signals/2196402,error:HTTP Error 403: Forbidden,,,,,,,,,,,,,,,,,
https://www.mql5.com/en/signals/2196457,error:HTTP Error 403: Forbidden,,,,,,,,,,,,,,,,,
https://www.mql5.com/en/signals/2197653,error:HTTP Error 403: Forbidden,,,,,,,,,,,,,,,,,
https://www.mql5.com/en/signals/2197770,error:HTTP Error 403: Forbidden,,,,,,,,,,,,,,,,,
https://www.mql5.com/en/signals/2200628,error:HTTP Error 403: Forbidden,,,,,,,,,,,,,,,,,
https://www.mql5.com/en/signals/2201028,error:HTTP Error 403: Forbidden,,,,,,,,,,,,,,,,,
https://www.mql5.com/en/signals/2204034,error:HTTP Error 403: Forbidden,,,,,,,,,,,,,,,,,
https://www.mql5.com/en/signals/2204087,error:HTTP Error 403: Forbidden,,,,,,,,,,,,,,,,,
https://www.mql5.com/en/signals/2204755,error:HTTP Error 403: Forbidden,,,,,,,,,,,,,,,,,
https://www.mql5.com/en/signals/2204998,error:HTTP Error 403: Forbidden,,,,,,,,,,,,,,,,,
https://www.mql5.com/en/signals/2206836,error:HTTP Error 403: Forbidden,,,,,,,,,,,,,,,,,
https://www.mql5.com/en/signals/2207155,error:HTTP Error 403: Forbidden,,,,,,,,,,,,,,,,,
https://www.mql5.com/en/signals/2208039,error:HTTP Error 403: Forbidden,,,,,,,,,,,,,,,,,
https://www.mql5.com/en/signals/2208369,error:HTTP Error 403: Forbidden,,,,,,,,,,,,,,,,,
https://www.mql5.com/en/signals/2209790,error:HTTP Error 403: Forbidden,,,,,,,,,,,,,,,,,
https://www.mql5.com/en/signals/2211092,error:HTTP Error 403: Forbidden,,,,,,,,,,,,,,,,,
https://www.mql5.com/en/signals/2213678,error:HTTP Error 403: Forbidden,,,,,,,,,,,,,,,,,
https://www.mql5.com/en/signals/2216973,error:HTTP Error 403: Forbidden,,,,,,,,,,,,,,,,,
https://www.mql5.com/en/signals/2219064,error:HTTP Error 403: Forbidden,,,,,,,,,,,,,,,,,
https://www.mql5.com/en/signals/2219722,error:HTTP Error 403: Forbidden,,,,,,,,,,,,,,,,,
https://www.mql5.com/en/signals/2220467,error:HTTP Error 403: Forbidden,,,,,,,,,,,,,,,,,
https://www.mql5.com/en/signals/2220801,error:HTTP Error 403: Forbidden,,,,,,,,,,,,,,,,,
https://www.mql5.com/en/signals/2220942,error:HTTP Error 403: Forbidden,,,,,,,,,,,,,,,,,
https://www.mql5.com/en/signals/2222743,error:HTTP Error 403: Forbidden,,,,,,,,,,,,,,,,,
https://www.mql5.com/en/signals/2223548,error:HTTP Error 403: Forbidden,,,,,,,,,,,,,,,,,
https://www.mql5.com/en/signals/2225567,error:HTTP Error 403: Forbidden,,,,,,,,,,,,,,,,,
https://www.mql5.com/en/signals/2229059,error:HTTP Error 403: Forbidden,,,,,,,,,,,,,,,,,
https://www.mql5.com/en/signals/2229611,error:HTTP Error 403: Forbidden,,,,,,,,,,,,,,,,,
https://www.mql5.com/en/signals/2230586,error:HTTP Error 403: Forbidden,,,,,,,,,,,,,,,,,
https://www.mql5.com/en/signals/2231030,error:HTTP Error 403: Forbidden,,,,,,,,,,,,,,,,,
https://www.mql5.com/en/signals/2231094,error:HTTP Error 403: Forbidden,,,,,,,,,,,,,,,,,
https://www.mql5.com/en/signals/2232365,error:HTTP Error 403: Forbidden,,,,,,,,,,,,,,,,,
https://www.mql5.com/en/signals/2232572,error:HTTP Error 403: Forbidden,,,,,,,,,,,,,,,,,
https://www.mql5.com/en/signals/2233959,error:HTTP Error 403: Forbidden,,,,,,,,,,,,,,,,,
https://www.mql5.com/en/signals/2234595,error:HTTP Error 403: Forbidden,,,,,,,,,,,,,,,,,
https://www.mql5.com/en/signals/2235419,error:HTTP Error 403: Forbidden,,,,,,,,,,,,,,,,,
https://www.mql5.com/en/signals/2236636,error:HTTP Error 403: Forbidden,,,,,,,,,,,,,,,,,
https://www.mql5.com/en/signals/2236750,error:HTTP Error 403: Forbidden,,,,,,,,,,,,,,,,,
https://www.mql5.com/en/signals/2236796,error:HTTP Error 403: Forbidden,,,,,,,,,,,,,,,,,
https://www.mql5.com/en/signals/2236797,error:HTTP Error 403: Forbidden,,,,,,,,,,,,,,,,,
https://www.mql5.com/en/signals/2236802,error:HTTP Error 403: Forbidden,,,,,,,,,,,,,,,,,
https://www.mql5.com/en/signals/2237614,error:HTTP Error 403: Forbidden,,,,,,,,,,,,,,,,,
https://www.mql5.com/en/signals/2237759,error:HTTP Error 403: Forbidden,,,,,,,,,,,,,,,,,
https://www.mql5.com/en/signals/2237832,error:HTTP Error 403: Forbidden,,,,,,,,,,,,,,,,,
https://www.mql5.com/en/signals/2238626,error:HTTP Error 403: Forbidden,,,,,,,,,,,,,,,,,
https://www.mql5.com/en/signals/2240851,error:HTTP Error 403: Forbidden,,,,,,,,,,,,,,,,,
https://www.mql5.com/en/signals/2241000,error:HTTP Error 403: Forbidden,,,,,,,,,,,,,,,,,
https://www.mql5.com/en/signals/2241086,error:HTTP Error 403: Forbidden,,,,,,,,,,,,,,,,,
https://www.mql5.com/en/signals/2242498,error:HTTP Error 403: Forbidden,,,,,,,,,,,,,,,,,
https://www.mql5.com/en/signals/2243831,error:HTTP Error 403: Forbidden,,,,,,,,,,,,,,,,,
https://www.mql5.com/en/signals/2244502,error:HTTP Error 403: Forbidden,,,,,,,,,,,,,,,,,
https://www.mql5.com/en/signals/2244611,error:HTTP Error 403: Forbidden,,,,,,,,,,,,,,,,,
https://www.mql5.com/en/signals/2244828,error:HTTP Error 403: Forbidden,,,,,,,,,,,,,,,,,
https://www.mql5.com/en/signals/2245675,error:HTTP Error 403: Forbidden,,,,,,,,,,,,,,,,,
https://www.mql5.com/en/signals/2246505,error:HTTP Error 403: Forbidden,,,,,,,,,,,,,,,,,
https://www.mql5.com/en/signals/2246636,error:HTTP Error 403: Forbidden,,,,,,,,,,,,,,,,,
https://www.mql5.com/en/signals/2246862,error:HTTP Error 403: Forbidden,,,,,,,,,,,,,,,,,
https://www.mql5.com/en/signals/2247437,error:HTTP Error 403: Forbidden,,,,,,,,,,,,,,,,,
https://www.mql5.com/en/signals/2248087,error:HTTP Error 403: Forbidden,,,,,,,,,,,,,,,,,
https://www.mql5.com/en/signals/2248642,error:HTTP Error 403: Forbidden,,,,,,,,,,,,,,,,,
https://www.mql5.com/en/signals/2248871,error:HTTP Error 403: Forbidden,,,,,,,,,,,,,,,,,
https://www.mql5.com/en/signals/2249580,error:HTTP Error 403: Forbidden,,,,,,,,,,,,,,,,,
https://www.mql5.com/en/signals/2250116,error:HTTP Error 403: Forbidden,,,,,,,,,,,,,,,,,
https://www.mql5.com/en/signals/2250289,error:HTTP Error 403: Forbidden,,,,,,,,,,,,,,,,,
https://www.mql5.com/en/signals/2250577,error:HTTP Error 403: Forbidden,,,,,,,,,,,,,,,,,
https://www.mql5.com/en/signals/2250716,error:HTTP Error 403: Forbidden,,,,,,,,,,,,,,,,,
https://www.mql5.com/en/signals/2251544,error:HTTP Error 403: Forbidden,,,,,,,,,,,,,,,,,
https://www.mql5.com/en/signals/2251746,error:HTTP Error 403: Forbidden,,,,,,,,,,,,,,,,,
https://www.mql5.com/en/signals/2252658,error:HTTP Error 403: Forbidden,,,,,,,,,,,,,,,,,
https://www.mql5.com/en/signals/2253683,error:HTTP Error 403: Forbidden,,,,,,,,,,,,,,,,,
https://www.mql5.com/en/signals/2254640,error:HTTP Error 403: Forbidden,,,,,,,,,,,,,,,,,
https://www.mql5.com/en/signals/2255187,error:HTTP Error 403: Forbidden,,,,,,,,,,,,,,,,,
https://www.mql5.com/en/signals/2255861,error:HTTP Error 403: Forbidden,,,,,,,,,,,,,,,,,
https://www.mql5.com/en/signals/2256042,error:HTTP Error 403: Forbidden,,,,,,,,,,,,,,,,,
https://www.mql5.com/en/signals/2256044,error:HTTP Error 403: Forbidden,,,,,,,,,,,,,,,,,
https://www.mql5.com/en/signals/2256046,error:HTTP Error 403: Forbidden,,,,,,,,,,,,,,,,,
https://www.mql5.com/en/signals/2256697,error:HTTP Error 403: Forbidden,,,,,,,,,,,,,,,,,
https://www.mql5.com/en/signals/2257028,error:HTTP Error 403: Forbidden,,,,,,,,,,,,,,,,,
https://www.mql5.com/en/signals/2257030,error:HTTP Error 403: Forbidden,,,,,,,,,,,,,,,,,
https://www.mql5.com/en/signals/2257261,error:HTTP Error 403: Forbidden,,,,,,,,,,,,,,,,,
https://www.mql5.com/en/signals/2258704,error:HTTP Error 403: Forbidden,,,,,,,,,,,,,,,,,
https://www.mql5.com/en/signals/2261205,error:HTTP Error 403: Forbidden,,,,,,,,,,,,,,,,,
https://www.mql5.com/en/signals/2261279,error:HTTP Error 403: Forbidden,,,,,,,,,,,,,,,,,
https://www.mql5.com/en/signals/2261554,error:HTTP Error 403: Forbidden,,,,,,,,,,,,,,,,,
https://www.mql5.com/en/signals/2262518,error:HTTP Error 403: Forbidden,,,,,,,,,,,,,,,,,
https://www.mql5.com/en/signals/2262642,error:HTTP Error 403: Forbidden,,,,,,,,,,,,,,,,,
https://www.mql5.com/en/signals/2262754,error:HTTP Error 403: Forbidden,,,,,,,,,,,,,,,,,
https://www.mql5.com/en/signals/2262806,error:HTTP Error 403: Forbidden,,,,,,,,,,,,,,,,,
https://www.mql5.com/en/signals/2263922,error:HTTP Error 403: Forbidden,,,,,,,,,,,,,,,,,
https://www.mql5.com/en/signals/2264971,error:HTTP Error 403: Forbidden,,,,,,,,,,,,,,,,,
https://www.mql5.com/en/signals/2265085,error:HTTP Error 403: Forbidden,,,,,,,,,,,,,,,,,
https://www.mql5.com/en/signals/2265440,error:HTTP Error 403: Forbidden,,,,,,,,,,,,,,,,,
https://www.mql5.com/en/signals/2265528,error:HTTP Error 403: Forbidden,,,,,,,,,,,,,,,,,
https://www.mql5.com/en/signals/2265834,error:HTTP Error 403: Forbidden,,,,,,,,,,,,,,,,,
https://www.mql5.com/en/signals/2265877,error:HTTP Error 403: Forbidden,,,,,,,,,,,,,,,,,
https://www.mql5.com/en/signals/2265943,error:HTTP Error 403: Forbidden,,,,,,,,,,,,,,,,,
https://www.mql5.com/en/signals/2266939,error:HTTP Error 403: Forbidden,,,,,,,,,,,,,,,,,
https://www.mql5.com/en/signals/2268035,error:HTTP Error 403: Forbidden,,,,,,,,,,,,,,,,,
https://www.mql5.com/en/signals/2268084,error:HTTP Error 403: Forbidden,,,,,,,,,,,,,,,,,
https://www.mql5.com/en/signals/2268766,error:HTTP Error 403: Forbidden,,,,,,,,,,,,,,,,,
https://www.mql5.com/en/signals/2269966,error:HTTP Error 403: Forbidden,,,,,,,,,,,,,,,,,
https://www.mql5.com/en/signals/2270168,error:HTTP Error 403: Forbidden,,,,,,,,,,,,,,,,,
https://www.mql5.com/en/signals/2270349,error:HTTP Error 403: Forbidden,,,,,,,,,,,,,,,,,
https://www.mql5.com/en/signals/2270674,error:HTTP Error 403: Forbidden,,,,,,,,,,,,,,,,,
https://www.mql5.com/en/signals/2271031,error:HTTP Error 403: Forbidden,,,,,,,,,,,,,,,,,
https://www.mql5.com/en/signals/2271402,error:HTTP Error 403: Forbidden,,,,,,,,,,,,,,,,,
https://www.mql5.com/en/signals/2271995,error:HTTP Error 403: Forbidden,,,,,,,,,,,,,,,,,
https://www.mql5.com/en/signals/2272032,error:HTTP Error 403: Forbidden,,,,,,,,,,,,,,,,,
https://www.mql5.com/en/signals/2272139,error:HTTP Error 403: Forbidden,,,,,,,,,,,,,,,,,
https://www.mql5.com/en/signals/2273131,error:HTTP Error 403: Forbidden,,,,,,,,,,,,,,,,,
https://www.mql5.com/en/signals/2273187,error:HTTP Error 403: Forbidden,,,,,,,,,,,,,,,,,
https://www.mql5.com/en/signals/2274644,error:HTTP Error 403: Forbidden,,,,,,,,,,,,,,,,,
https://www.mql5.com/en/signals/2274863,error:HTTP Error 403: Forbidden,,,,,,,,,,,,,,,,,
https://www.mql5.com/en/signals/2275890,error:HTTP Error 403: Forbidden,,,,,,,,,,,,,,,,,
https://www.mql5.com/en/signals/2276647,error:HTTP Error 403: Forbidden,,,,,,,,,,,,,,,,,
https://www.mql5.com/en/signals/2278431,error:HTTP Error 403: Forbidden,,,,,,,,,,,,,,,,,
https://www.mql5.com/en/signals/2278551,error:HTTP Error 403: Forbidden,,,,,,,,,,,,,,,,,
https://www.mql5.com/en/signals/2278602,error:HTTP Error 403: Forbidden,,,,,,,,,,,,,,,,,
https://www.mql5.com/en/signals/2279765,error:HTTP Error 403: Forbidden,,,,,,,,,,,,,,,,,
https://www.mql5.com/en/signals/2280124,error:HTTP Error 403: Forbidden,,,,,,,,,,,,,,,,,
https://www.mql5.com/en/signals/2280569,error:HTTP Error 403: Forbidden,,,,,,,,,,,,,,,,,
https://www.mql5.com/en/signals/2280709,error:HTTP Error 403: Forbidden,,,,,,,,,,,,,,,,,
https://www.mql5.com/en/signals/2280965,error:HTTP Error 403: Forbidden,,,,,,,,,,,,,,,,,
https://www.mql5.com/en/signals/2281256,error:HTTP Error 403: Forbidden,,,,,,,,,,,,,,,,,
https://www.mql5.com/en/signals/2281316,error:HTTP Error 403: Forbidden,,,,,,,,,,,,,,,,,
https://www.mql5.com/en/signals/2281338,error:HTTP Error 403: Forbidden,,,,,,,,,,,,,,,,,
https://www.mql5.com/en/signals/2281406,error:HTTP Error 403: Forbidden,,,,,,,,,,,,,,,,,
https://www.mql5.com/en/signals/2281456,error:HTTP Error 403: Forbidden,,,,,,,,,,,,,,,,,
https://www.mql5.com/en/signals/2281956,error:HTTP Error 403: Forbidden,,,,,,,,,,,,,,,,,
https://www.mql5.com/en/signals/2282234,error:HTTP Error 403: Forbidden,,,,,,,,,,,,,,,,,
https://www.mql5.com/en/signals/2282482,error:HTTP Error 403: Forbidden,,,,,,,,,,,,,,,,,
https://www.mql5.com/en/signals/2283078,error:HTTP Error 403: Forbidden,,,,,,,,,,,,,,,,,
https://www.mql5.com/en/signals/2283124,error:HTTP Error 403: Forbidden,,,,,,,,,,,,,,,,,
https://www.mql5.com/en/signals/2283153,error:HTTP Error 403: Forbidden,,,,,,,,,,,,,,,,,
https://www.mql5.com/en/signals/2283314,error:HTTP Error 403: Forbidden,,,,,,,,,,,,,,,,,
https://www.mql5.com/en/signals/2283789,error:HTTP Error 403: Forbidden,,,,,,,,,,,,,,,,,
https://www.mql5.com/en/signals/2284326,error:HTTP Error 403: Forbidden,,,,,,,,,,,,,,,,,
https://www.mql5.com/en/signals/2285389,error:HTTP Error 403: Forbidden,,,,,,,,,,,,,,,,,
https://www.mql5.com/en/signals/2285567,error:HTTP Error 403: Forbidden,,,,,,,,,,,,,,,,,
https://www.mql5.com/en/signals/2286356,error:HTTP Error 403: Forbidden,,,,,,,,,,,,,,,,,
https://www.mql5.com/en/signals/2286359,error:HTTP Error 403: Forbidden,,,,,,,,,,,,,,,,,
https://www.mql5.com/en/signals/2286538,error:HTTP Error 403: Forbidden,,,,,,,,,,,,,,,,,
https://www.mql5.com/en/signals/2286553,error:HTTP Error 403: Forbidden,,,,,,,,,,,,,,,,,
https://www.mql5.com/en/signals/2286600,error:HTTP Error 403: Forbidden,,,,,,,,,,,,,,,,,
https://www.mql5.com/en/signals/2286734,error:HTTP Error 403: Forbidden,,,,,,,,,,,,,,,,,
https://www.mql5.com/en/signals/2286816,error:HTTP Error 403: Forbidden,,,,,,,,,,,,,,,,,
https://www.mql5.com/en/signals/2286869,error:HTTP Error 403: Forbidden,,,,,,,,,,,,,,,,,
https://www.mql5.com/en/signals/2287270,error:HTTP Error 403: Forbidden,,,,,,,,,,,,,,,,,
https://www.mql5.com/en/signals/2287724,error:HTTP Error 403: Forbidden,,,,,,,,,,,,,,,,,
https://www.mql5.com/en/signals/2287983,error:HTTP Error 403: Forbidden,,,,,,,,,,,,,,,,,
https://www.mql5.com/en/signals/2288774,error:HTTP Error 403: Forbidden,,,,,,,,,,,,,,,,,
https://www.mql5.com/en/signals/2288975,error:HTTP Error 403: Forbidden,,,,,,,,,,,,,,,,,
https://www.mql5.com/en/signals/2289062,error:HTTP Error 403: Forbidden,,,,,,,,,,,,,,,,,
https://www.mql5.com/en/signals/2289904,error:HTTP Error 403: Forbidden,,,,,,,,,,,,,,,,,
https://www.mql5.com/en/signals/2290275,error:HTTP Error 403: Forbidden,,,,,,,,,,,,,,,,,
https://www.mql5.com/en/signals/2290870,error:HTTP Error 403: Forbidden,,,,,,,,,,,,,,,,,
https://www.mql5.com/en/signals/2291219,error:HTTP Error 403: Forbidden,,,,,,,,,,,,,,,,,
https://www.mql5.com/en/signals/2292103,error:HTTP Error 403: Forbidden,,,,,,,,,,,,,,,,,
https://www.mql5.com/en/signals/2292732,error:HTTP Error 403: Forbidden,,,,,,,,,,,,,,,,,
https://www.mql5.com/en/signals/2292853,error:HTTP Error 403: Forbidden,,,,,,,,,,,,,,,,,
https://www.mql5.com/en/signals/2293042,error:HTTP Error 403: Forbidden,,,,,,,,,,,,,,,,,
https://www.mql5.com/en/signals/2293043,error:HTTP Error 403: Forbidden,,,,,,,,,,,,,,,,,
https://www.mql5.com/en/signals/2293379,error:HTTP Error 403: Forbidden,,,,,,,,,,,,,,,,,
https://www.mql5.com/en/signals/2293562,error:HTTP Error 403: Forbidden,,,,,,,,,,,,,,,,,
https://www.mql5.com/en/signals/2294070,error:HTTP Error 403: Forbidden,,,,,,,,,,,,,,,,,
https://www.mql5.com/en/signals/2294298,error:HTTP Error 403: Forbidden,,,,,,,,,,,,,,,,,
https://www.mql5.com/en/signals/2294444,error:HTTP Error 403: Forbidden,,,,,,,,,,,,,,,,,
https://www.mql5.com/en/signals/2294461,error:HTTP Error 403: Forbidden,,,,,,,,,,,,,,,,,
https://www.mql5.com/en/signals/2294712,error:HTTP Error 403: Forbidden,,,,,,,,,,,,,,,,,
https://www.mql5.com/en/signals/2294770,error:HTTP Error 403: Forbidden,,,,,,,,,,,,,,,,,
https://www.mql5.com/en/signals/2295123,error:HTTP Error 403: Forbidden,,,,,,,,,,,,,,,,,
https://www.mql5.com/en/signals/2295152,error:HTTP Error 403: Forbidden,,,,,,,,,,,,,,,,,
https://www.mql5.com/en/signals/2295494,error:HTTP Error 403: Forbidden,,,,,,,,,,,,,,,,,
https://www.mql5.com/en/signals/2295533,error:HTTP Error 403: Forbidden,,,,,,,,,,,,,,,,,
https://www.mql5.com/en/signals/229582,error:HTTP Error 403: Forbidden,,,,,,,,,,,,,,,,,
https://www.mql5.com/en/signals/2295882,error:HTTP Error 403: Forbidden,,,,,,,,,,,,,,,,,
https://www.mql5.com/en/signals/2295896,error:HTTP Error 403: Forbidden,,,,,,,,,,,,,,,,,
https://www.mql5.com/en/signals/2295974,error:HTTP Error 403: Forbidden,,,,,,,,,,,,,,,,,
https://www.mql5.com/en/signals/2296004,error:HTTP Error 403: Forbidden,,,,,,,,,,,,,,,,,
https://www.mql5.com/en/signals/2296097,error:HTTP Error 403: Forbidden,,,,,,,,,,,,,,,,,
https://www.mql5.com/en/signals/2298318,error:HTTP Error 403: Forbidden,,,,,,,,,,,,,,,,,
https://www.mql5.com/en/signals/2298448,error:HTTP Error 403: Forbidden,,,,,,,,,,,,,,,,,
https://www.mql5.com/en/signals/2298455,error:HTTP Error 403: Forbidden,,,,,,,,,,,,,,,,,
https://www.mql5.com/en/signals/2298456,error:HTTP Error 403: Forbidden,,,,,,,,,,,,,,,,,
https://www.mql5.com/en/signals/2298464,error:HTTP Error 403: Forbidden,,,,,,,,,,,,,,,,,
https://www.mql5.com/en/signals/2298521,error:HTTP Error 403: Forbidden,,,,,,,,,,,,,,,,,
https://www.mql5.com/en/signals/2298652,error:HTTP Error 403: Forbidden,,,,,,,,,,,,,,,,,
https://www.mql5.com/en/signals/2298764,error:HTTP Error 403: Forbidden,,,,,,,,,,,,,,,,,
https://www.mql5.com/en/signals/2299080,error:HTTP Error 403: Forbidden,,,,,,,,,,,,,,,,,
https://www.mql5.com/en/signals/2299409,error:HTTP Error 403: Forbidden,,,,,,,,,,,,,,,,,
https://www.mql5.com/en/signals/2299696,error:HTTP Error 403: Forbidden,,,,,,,,,,,,,,,,,
https://www.mql5.com/en/signals/2300304,error:HTTP Error 403: Forbidden,,,,,,,,,,,,,,,,,
https://www.mql5.com/en/signals/2300524,error:HTTP Error 403: Forbidden,,,,,,,,,,,,,,,,,
https://www.mql5.com/en/signals/2300656,error:HTTP Error 403: Forbidden,,,,,,,,,,,,,,,,,
https://www.mql5.com/en/signals/2300694,error:HTTP Error 403: Forbidden,,,,,,,,,,,,,,,,,
https://www.mql5.com/en/signals/2301021,error:HTTP Error 403: Forbidden,,,,,,,,,,,,,,,,,
https://www.mql5.com/en/signals/2301188,error:HTTP Error 403: Forbidden,,,,,,,,,,,,,,,,,
https://www.mql5.com/en/signals/2301654,error:HTTP Error 403: Forbidden,,,,,,,,,,,,,,,,,
https://www.mql5.com/en/signals/2301909,error:HTTP Error 403: Forbidden,,,,,,,,,,,,,,,,,
https://www.mql5.com/en/signals/2301965,error:HTTP Error 403: Forbidden,,,,,,,,,,,,,,,,,
https://www.mql5.com/en/signals/2302040,error:HTTP Error 403: Forbidden,,,,,,,,,,,,,,,,,
https://www.mql5.com/en/signals/2302081,error:HTTP Error 403: Forbidden,,,,,,,,,,,,,,,,,
https://www.mql5.com/en/signals/2302162,error:HTTP Error 403: Forbidden,,,,,,,,,,,,,,,,,
https://www.mql5.com/en/signals/2302164,error:HTTP Error 403: Forbidden,,,,,,,,,,,,,,,,,
https://www.mql5.com/en/signals/2303014,error:HTTP Error 403: Forbidden,,,,,,,,,,,,,,,,,
https://www.mql5.com/en/signals/2303213,error:HTTP Error 403: Forbidden,,,,,,,,,,,,,,,,,
https://www.mql5.com/en/signals/2303265,error:HTTP Error 403: Forbidden,,,,,,,,,,,,,,,,,
https://www.mql5.com/en/signals/2303323,error:HTTP Error 403: Forbidden,,,,,,,,,,,,,,,,,
https://www.mql5.com/en/signals/2303521,error:HTTP Error 403: Forbidden,,,,,,,,,,,,,,,,,
https://www.mql5.com/en/signals/2303631,error:HTTP Error 403: Forbidden,,,,,,,,,,,,,,,,,
https://www.mql5.com/en/signals/2304061,error:HTTP Error 403: Forbidden,,,,,,,,,,,,,,,,,
https://www.mql5.com/en/signals/2304138,error:HTTP Error 403: Forbidden,,,,,,,,,,,,,,,,,
https://www.mql5.com/en/signals/2304149,error:HTTP Error 403: Forbidden,,,,,,,,,,,,,,,,,
https://www.mql5.com/en/signals/2304267,error:HTTP Error 403: Forbidden,,,,,,,,,,,,,,,,,
https://www.mql5.com/en/signals/2304448,error:HTTP Error 403: Forbidden,,,,,,,,,,,,,,,,,
https://www.mql5.com/en/signals/2304733,error:HTTP Error 403: Forbidden,,,,,,,,,,,,,,,,,
https://www.mql5.com/en/signals/2304820,error:HTTP Error 403: Forbidden,,,,,,,,,,,,,,,,,
https://www.mql5.com/en/signals/2305053,error:HTTP Error 403: Forbidden,,,,,,,,,,,,,,,,,
https://www.mql5.com/en/signals/2305375,error:HTTP Error 403: Forbidden,,,,,,,,,,,,,,,,,
https://www.mql5.com/en/signals/2305737,error:HTTP Error 403: Forbidden,,,,,,,,,,,,,,,,,
https://www.mql5.com/en/signals/2305944,error:HTTP Error 403: Forbidden,,,,,,,,,,,,,,,,,
https://www.mql5.com/en/signals/2306053,error:HTTP Error 403: Forbidden,,,,,,,,,,,,,,,,,
https://www.mql5.com/en/signals/2306140,error:HTTP Error 403: Forbidden,,,,,,,,,,,,,,,,,
https://www.mql5.com/en/signals/2306187,error:HTTP Error 403: Forbidden,,,,,,,,,,,,,,,,,
https://www.mql5.com/en/signals/2306476,error:HTTP Error 403: Forbidden,,,,,,,,,,,,,,,,,
https://www.mql5.com/en/signals/2306648,error:HTTP Error 403: Forbidden,,,,,,,,,,,,,,,,,
https://www.mql5.com/en/signals/2306746,error:HTTP Error 403: Forbidden,,,,,,,,,,,,,,,,,
https://www.mql5.com/en/signals/2307209,error:HTTP Error 403: Forbidden,,,,,,,,,,,,,,,,,
https://www.mql5.com/en/signals/2307274,error:HTTP Error 403: Forbidden,,,,,,,,,,,,,,,,,
https://www.mql5.com/en/signals/2307285,error:HTTP Error 403: Forbidden,,,,,,,,,,,,,,,,,
https://www.mql5.com/en/signals/2307342,error:HTTP Error 403: Forbidden,,,,,,,,,,,,,,,,,
https://www.mql5.com/en/signals/2307358,error:HTTP Error 403: Forbidden,,,,,,,,,,,,,,,,,
https://www.mql5.com/en/signals/2307990,error:HTTP Error 403: Forbidden,,,,,,,,,,,,,,,,,
https://www.mql5.com/en/signals/2308086,error:HTTP Error 403: Forbidden,,,,,,,,,,,,,,,,,
https://www.mql5.com/en/signals/2308091,error:HTTP Error 403: Forbidden,,,,,,,,,,,,,,,,,
https://www.mql5.com/en/signals/2308093,error:HTTP Error 403: Forbidden,,,,,,,,,,,,,,,,,
https://www.mql5.com/en/signals/2308095,error:HTTP Error 403: Forbidden,,,,,,,,,,,,,,,,,
https://www.mql5.com/en/signals/2308367,error:HTTP Error 403: Forbidden,,,,,,,,,,,,,,,,,
https://www.mql5.com/en/signals/2308728,error:HTTP Error 403: Forbidden,,,,,,,,,,,,,,,,,
https://www.mql5.com/en/signals/2309024,error:HTTP Error 403: Forbidden,,,,,,,,,,,,,,,,,
https://www.mql5.com/en/signals/2309141,error:HTTP Error 403: Forbidden,,,,,,,,,,,,,,,,,
https://www.mql5.com/en/signals/2309221,error:HTTP Error 403: Forbidden,,,,,,,,,,,,,,,,,
https://www.mql5.com/en/signals/2309299,error:HTTP Error 403: Forbidden,,,,,,,,,,,,,,,,,
https://www.mql5.com/en/signals/2309300,error:HTTP Error 403: Forbidden,,,,,,,,,,,,,,,,,
https://www.mql5.com/en/signals/2309412,error:HTTP Error 403: Forbidden,,,,,,,,,,,,,,,,,
https://www.mql5.com/en/signals/2309606,error:HTTP Error 403: Forbidden,,,,,,,,,,,,,,,,,
https://www.mql5.com/en/signals/2309851,error:HTTP Error 403: Forbidden,,,,,,,,,,,,,,,,,
https://www.mql5.com/en/signals/2310208,error:HTTP Error 403: Forbidden,,,,,,,,,,,,,,,,,
https://www.mql5.com/en/signals/2310224,error:HTTP Error 403: Forbidden,,,,,,,,,,,,,,,,,
https://www.mql5.com/en/signals/2310230,error:HTTP Error 403: Forbidden,,,,,,,,,,,,,,,,,
https://www.mql5.com/en/signals/2310455,error:HTTP Error 403: Forbidden,,,,,,,,,,,,,,,,,
https://www.mql5.com/en/signals/2310627,error:HTTP Error 403: Forbidden,,,,,,,,,,,,,,,,,
https://www.mql5.com/en/signals/2310938,error:HTTP Error 403: Forbidden,,,,,,,,,,,,,,,,,
https://www.mql5.com/en/signals/2310978,error:HTTP Error 403: Forbidden,,,,,,,,,,,,,,,,,
https://www.mql5.com/en/signals/2311054,error:HTTP Error 403: Forbidden,,,,,,,,,,,,,,,,,
https://www.mql5.com/en/signals/2311057,error:HTTP Error 403: Forbidden,,,,,,,,,,,,,,,,,
https://www.mql5.com/en/signals/2311433,error:HTTP Error 403: Forbidden,,,,,,,,,,,,,,,,,
https://www.mql5.com/en/signals/2311487,error:HTTP Error 403: Forbidden,,,,,,,,,,,,,,,,,
https://www.mql5.com/en/signals/2311566,error:HTTP Error 403: Forbidden,,,,,,,,,,,,,,,,,
https://www.mql5.com/en/signals/2311648,error:HTTP Error 403: Forbidden,,,,,,,,,,,,,,,,,
https://www.mql5.com/en/signals/2312071,error:HTTP Error 403: Forbidden,,,,,,,,,,,,,,,,,
https://www.mql5.com/en/signals/2312227,error:HTTP Error 403: Forbidden,,,,,,,,,,,,,,,,,
https://www.mql5.com/en/signals/2312230,error:HTTP Error 403: Forbidden,,,,,,,,,,,,,,,,,
https://www.mql5.com/en/signals/2312398,error:HTTP Error 403: Forbidden,,,,,,,,,,,,,,,,,
https://www.mql5.com/en/signals/2312403,error:HTTP Error 403: Forbidden,,,,,,,,,,,,,,,,,
https://www.mql5.com/en/signals/2312620,error:HTTP Error 403: Forbidden,,,,,,,,,,,,,,,,,
https://www.mql5.com/en/signals/2312687,error:HTTP Error 403: Forbidden,,,,,,,,,,,,,,,,,
https://www.mql5.com/en/signals/2312752,error:HTTP Error 403: Forbidden,,,,,,,,,,,,,,,,,
https://www.mql5.com/en/signals/2312839,error:HTTP Error 403: Forbidden,,,,,,,,,,,,,,,,,
https://www.mql5.com/en/signals/2312950,error:HTTP Error 403: Forbidden,,,,,,,,,,,,,,,,,
https://www.mql5.com/en/signals/2313678,error:HTTP Error 403: Forbidden,,,,,,,,,,,,,,,,,
https://www.mql5.com/en/signals/2313989,error:HTTP Error 403: Forbidden,,,,,,,,,,,,,,,,,
https://www.mql5.com/en/signals/2314075,error:HTTP Error 403: Forbidden,,,,,,,,,,,,,,,,,
https://www.mql5.com/en/signals/2314142,error:HTTP Error 403: Forbidden,,,,,,,,,,,,,,,,,
https://www.mql5.com/en/signals/2314268,error:HTTP Error 403: Forbidden,,,,,,,,,,,,,,,,,
https://www.mql5.com/en/signals/2314275,error:HTTP Error 403: Forbidden,,,,,,,,,,,,,,,,,
https://www.mql5.com/en/signals/2314281,error:HTTP Error 403: Forbidden,,,,,,,,,,,,,,,,,
https://www.mql5.com/en/signals/2314356,error:HTTP Error 403: Forbidden,,,,,,,,,,,,,,,,,
https://www.mql5.com/en/signals/2314554,error:HTTP Error 403: Forbidden,,,,,,,,,,,,,,,,,
https://www.mql5.com/en/signals/2314938,error:HTTP Error 403: Forbidden,,,,,,,,,,,,,,,,,
https://www.mql5.com/en/signals/2315154,error:HTTP Error 403: Forbidden,,,,,,,,,,,,,,,,,
https://www.mql5.com/en/signals/2315172,error:HTTP Error 403: Forbidden,,,,,,,,,,,,,,,,,
https://www.mql5.com/en/signals/2315469,error:HTTP Error 403: Forbidden,,,,,,,,,,,,,,,,,
https://www.mql5.com/en/signals/2315503,error:HTTP Error 403: Forbidden,,,,,,,,,,,,,,,,,
https://www.mql5.com/en/signals/2315762,error:HTTP Error 403: Forbidden,,,,,,,,,,,,,,,,,
https://www.mql5.com/en/signals/2315779,error:HTTP Error 403: Forbidden,,,,,,,,,,,,,,,,,
https://www.mql5.com/en/signals/2316093,error:HTTP Error 403: Forbidden,,,,,,,,,,,,,,,,,
https://www.mql5.com/en/signals/2316377,error:HTTP Error 403: Forbidden,,,,,,,,,,,,,,,,,
https://www.mql5.com/en/signals/2316522,error:HTTP Error 403: Forbidden,,,,,,,,,,,,,,,,,
https://www.mql5.com/en/signals/2316771,error:HTTP Error 403: Forbidden,,,,,,,,,,,,,,,,,
https://www.mql5.com/en/signals/2317050,error:HTTP Error 403: Forbidden,,,,,,,,,,,,,,,,,
https://www.mql5.com/en/signals/2317138,error:HTTP Error 403: Forbidden,,,,,,,,,,,,,,,,,
https://www.mql5.com/en/signals/2317676,error:HTTP Error 403: Forbidden,,,,,,,,,,,,,,,,,
https://www.mql5.com/en/signals/2317789,error:HTTP Error 403: Forbidden,,,,,,,,,,,,,,,,,
https://www.mql5.com/en/signals/2317807,error:HTTP Error 403: Forbidden,,,,,,,,,,,,,,,,,
https://www.mql5.com/en/signals/2317915,error:HTTP Error 403: Forbidden,,,,,,,,,,,,,,,,,
https://www.mql5.com/en/signals/2317918,error:HTTP Error 403: Forbidden,,,,,,,,,,,,,,,,,
https://www.mql5.com/en/signals/2317929,error:HTTP Error 403: Forbidden,,,,,,,,,,,,,,,,,
https://www.mql5.com/en/signals/2318017,error:HTTP Error 403: Forbidden,,,,,,,,,,,,,,,,,
https://www.mql5.com/en/signals/2318070,error:HTTP Error 403: Forbidden,,,,,,,,,,,,,,,,,
https://www.mql5.com/en/signals/2318323,error:HTTP Error 403: Forbidden,,,,,,,,,,,,,,,,,
https://www.mql5.com/en/signals/2318427,error:HTTP Error 403: Forbidden,,,,,,,,,,,,,,,,,
https://www.mql5.com/en/signals/2318638,error:HTTP Error 403: Forbidden,,,,,,,,,,,,,,,,,
https://www.mql5.com/en/signals/2318723,error:HTTP Error 403: Forbidden,,,,,,,,,,,,,,,,,
https://www.mql5.com/en/signals/2318804,error:HTTP Error 403: Forbidden,,,,,,,,,,,,,,,,,
https://www.mql5.com/en/signals/2319255,error:HTTP Error 403: Forbidden,,,,,,,,,,,,,,,,,
https://www.mql5.com/en/signals/2319272,error:HTTP Error 403: Forbidden,,,,,,,,,,,,,,,,,
https://www.mql5.com/en/signals/2319444,error:HTTP Error 403: Forbidden,,,,,,,,,,,,,,,,,
https://www.mql5.com/en/signals/2319555,error:HTTP Error 403: Forbidden,,,,,,,,,,,,,,,,,
https://www.mql5.com/en/signals/2319755,error:HTTP Error 403: Forbidden,,,,,,,,,,,,,,,,,
https://www.mql5.com/en/signals/2319761,error:HTTP Error 403: Forbidden,,,,,,,,,,,,,,,,,
https://www.mql5.com/en/signals/2319898,error:HTTP Error 403: Forbidden,,,,,,,,,,,,,,,,,
https://www.mql5.com/en/signals/2320008,error:HTTP Error 403: Forbidden,,,,,,,,,,,,,,,,,
https://www.mql5.com/en/signals/2320019,error:HTTP Error 403: Forbidden,,,,,,,,,,,,,,,,,
https://www.mql5.com/en/signals/2320041,error:HTTP Error 403: Forbidden,,,,,,,,,,,,,,,,,
https://www.mql5.com/en/signals/2320055,error:HTTP Error 403: Forbidden,,,,,,,,,,,,,,,,,
https://www.mql5.com/en/signals/2320117,error:HTTP Error 403: Forbidden,,,,,,,,,,,,,,,,,
https://www.mql5.com/en/signals/2320140,error:HTTP Error 403: Forbidden,,,,,,,,,,,,,,,,,
https://www.mql5.com/en/signals/2320243,error:HTTP Error 403: Forbidden,,,,,,,,,,,,,,,,,
https://www.mql5.com/en/signals/2320264,error:HTTP Error 403: Forbidden,,,,,,,,,,,,,,,,,
https://www.mql5.com/en/signals/2320300,error:HTTP Error 403: Forbidden,,,,,,,,,,,,,,,,,
https://www.mql5.com/en/signals/2320312,error:HTTP Error 403: Forbidden,,,,,,,,,,,,,,,,,
https://www.mql5.com/en/signals/2320452,error:HTTP Error 403: Forbidden,,,,,,,,,,,,,,,,,
https://www.mql5.com/en/signals/2320575,error:HTTP Error 403: Forbidden,,,,,,,,,,,,,,,,,
https://www.mql5.com/en/signals/2320656,error:HTTP Error 403: Forbidden,,,,,,,,,,,,,,,,,
https://www.mql5.com/en/signals/2320801,error:HTTP Error 403: Forbidden,,,,,,,,,,,,,,,,,
https://www.mql5.com/en/signals/2320956,error:HTTP Error 403: Forbidden,,,,,,,,,,,,,,,,,
https://www.mql5.com/en/signals/2321576,error:HTTP Error 403: Forbidden,,,,,,,,,,,,,,,,,
https://www.mql5.com/en/signals/2321594,error:HTTP Error 403: Forbidden,,,,,,,,,,,,,,,,,
https://www.mql5.com/en/signals/2321679,error:HTTP Error 403: Forbidden,,,,,,,,,,,,,,,,,
https://www.mql5.com/en/signals/2321785,error:HTTP Error 403: Forbidden,,,,,,,,,,,,,,,,,
https://www.mql5.com/en/signals/2321937,error:HTTP Error 403: Forbidden,,,,,,,,,,,,,,,,,
https://www.mql5.com/en/signals/2321947,error:HTTP Error 403: Forbidden,,,,,,,,,,,,,,,,,
https://www.mql5.com/en/signals/2322150,error:HTTP Error 403: Forbidden,,,,,,,,,,,,,,,,,
https://www.mql5.com/en/signals/2322158,error:HTTP Error 403: Forbidden,,,,,,,,,,,,,,,,,
https://www.mql5.com/en/signals/2322201,error:HTTP Error 403: Forbidden,,,,,,,,,,,,,,,,,
https://www.mql5.com/en/signals/2322210,error:HTTP Error 403: Forbidden,,,,,,,,,,,,,,,,,
https://www.mql5.com/en/signals/2322430,error:HTTP Error 403: Forbidden,,,,,,,,,,,,,,,,,
https://www.mql5.com/en/signals/2322661,error:HTTP Error 403: Forbidden,,,,,,,,,,,,,,,,,
https://www.mql5.com/en/signals/2322804,error:HTTP Error 403: Forbidden,,,,,,,,,,,,,,,,,
https://www.mql5.com/en/signals/2323009,error:HTTP Error 403: Forbidden,,,,,,,,,,,,,,,,,
https://www.mql5.com/en/signals/2323073,error:HTTP Error 403: Forbidden,,,,,,,,,,,,,,,,,
https://www.mql5.com/en/signals/2323078,error:HTTP Error 403: Forbidden,,,,,,,,,,,,,,,,,
https://www.mql5.com/en/signals/2323120,error:HTTP Error 403: Forbidden,,,,,,,,,,,,,,,,,
https://www.mql5.com/en/signals/2323247,error:HTTP Error 403: Forbidden,,,,,,,,,,,,,,,,,
https://www.mql5.com/en/signals/2323295,error:HTTP Error 403: Forbidden,,,,,,,,,,,,,,,,,
https://www.mql5.com/en/signals/2323328,error:HTTP Error 403: Forbidden,,,,,,,,,,,,,,,,,
https://www.mql5.com/en/signals/2323467,error:HTTP Error 403: Forbidden,,,,,,,,,,,,,,,,,
https://www.mql5.com/en/signals/2323547,error:HTTP Error 403: Forbidden,,,,,,,,,,,,,,,,,
https://www.mql5.com/en/signals/2323713,error:HTTP Error 403: Forbidden,,,,,,,,,,,,,,,,,
https://www.mql5.com/en/signals/2323749,error:HTTP Error 403: Forbidden,,,,,,,,,,,,,,,,,
https://www.mql5.com/en/signals/2323848,error:HTTP Error 403: Forbidden,,,,,,,,,,,,,,,,,
https://www.mql5.com/en/signals/2324127,error:HTTP Error 403: Forbidden,,,,,,,,,,,,,,,,,
https://www.mql5.com/en/signals/2324195,error:HTTP Error 403: Forbidden,,,,,,,,,,,,,,,,,
https://www.mql5.com/en/signals/2324198,error:HTTP Error 403: Forbidden,,,,,,,,,,,,,,,,,
https://www.mql5.com/en/signals/2324426,error:HTTP Error 403: Forbidden,,,,,,,,,,,,,,,,,
https://www.mql5.com/en/signals/2324441,error:HTTP Error 403: Forbidden,,,,,,,,,,,,,,,,,
https://www.mql5.com/en/signals/2324548,error:HTTP Error 403: Forbidden,,,,,,,,,,,,,,,,,
https://www.mql5.com/en/signals/2324578,error:HTTP Error 403: Forbidden,,,,,,,,,,,,,,,,,
https://www.mql5.com/en/signals/2325456,error:HTTP Error 403: Forbidden,,,,,,,,,,,,,,,,,
https://www.mql5.com/en/signals/2325770,error:HTTP Error 403: Forbidden,,,,,,,,,,,,,,,,,
https://www.mql5.com/en/signals/2325779,error:HTTP Error 403: Forbidden,,,,,,,,,,,,,,,,,
https://www.mql5.com/en/signals/2325863,error:HTTP Error 403: Forbidden,,,,,,,,,,,,,,,,,
https://www.mql5.com/en/signals/2326008,error:HTTP Error 403: Forbidden,,,,,,,,,,,,,,,,,
https://www.mql5.com/en/signals/2326259,error:HTTP Error 403: Forbidden,,,,,,,,,,,,,,,,,
https://www.mql5.com/en/signals/2326263,error:HTTP Error 403: Forbidden,,,,,,,,,,,,,,,,,
https://www.mql5.com/en/signals/2326292,error:HTTP Error 403: Forbidden,,,,,,,,,,,,,,,,,
https://www.mql5.com/en/signals/2326420,error:HTTP Error 403: Forbidden,,,,,,,,,,,,,,,,,
https://www.mql5.com/en/signals/2326520,error:HTTP Error 403: Forbidden,,,,,,,,,,,,,,,,,
https://www.mql5.com/en/signals/2326578,error:HTTP Error 403: Forbidden,,,,,,,,,,,,,,,,,
https://www.mql5.com/en/signals/2326895,error:HTTP Error 403: Forbidden,,,,,,,,,,,,,,,,,
https://www.mql5.com/en/signals/2326951,error:HTTP Error 403: Forbidden,,,,,,,,,,,,,,,,,
https://www.mql5.com/en/signals/2327061,error:HTTP Error 403: Forbidden,,,,,,,,,,,,,,,,,
https://www.mql5.com/en/signals/2327668,error:HTTP Error 403: Forbidden,,,,,,,,,,,,,,,,,
https://www.mql5.com/en/signals/2327733,error:HTTP Error 403: Forbidden,,,,,,,,,,,,,,,,,
https://www.mql5.com/en/signals/2327790,error:HTTP Error 403: Forbidden,,,,,,,,,,,,,,,,,
https://www.mql5.com/en/signals/2328262,error:HTTP Error 403: Forbidden,,,,,,,,,,,,,,,,,
https://www.mql5.com/en/signals/2328291,error:HTTP Error 403: Forbidden,,,,,,,,,,,,,,,,,
https://www.mql5.com/en/signals/2328342,error:HTTP Error 403: Forbidden,,,,,,,,,,,,,,,,,
https://www.mql5.com/en/signals/2328409,error:HTTP Error 403: Forbidden,,,,,,,,,,,,,,,,,
https://www.mql5.com/en/signals/2328445,error:HTTP Error 403: Forbidden,,,,,,,,,,,,,,,,,
https://www.mql5.com/en/signals/2328545,error:HTTP Error 403: Forbidden,,,,,,,,,,,,,,,,,
https://www.mql5.com/en/signals/2328669,error:HTTP Error 403: Forbidden,,,,,,,,,,,,,,,,,
https://www.mql5.com/en/signals/2328705,error:HTTP Error 403: Forbidden,,,,,,,,,,,,,,,,,
https://www.mql5.com/en/signals/2328706,error:HTTP Error 403: Forbidden,,,,,,,,,,,,,,,,,
https://www.mql5.com/en/signals/2329066,error:HTTP Error 403: Forbidden,,,,,,,,,,,,,,,,,
https://www.mql5.com/en/signals/2329260,error:HTTP Error 403: Forbidden,,,,,,,,,,,,,,,,,
https://www.mql5.com/en/signals/2329266,error:HTTP Error 403: Forbidden,,,,,,,,,,,,,,,,,
https://www.mql5.com/en/signals/2329267,error:HTTP Error 403: Forbidden,,,,,,,,,,,,,,,,,
https://www.mql5.com/en/signals/2329274,error:HTTP Error 403: Forbidden,,,,,,,,,,,,,,,,,
https://www.mql5.com/en/signals/2329290,error:HTTP Error 403: Forbidden,,,,,,,,,,,,,,,,,
https://www.mql5.com/en/signals/2329458,error:HTTP Error 403: Forbidden,,,,,,,,,,,,,,,,,
https://www.mql5.com/en/signals/2329509,error:HTTP Error 403: Forbidden,,,,,,,,,,,,,,,,,
https://www.mql5.com/en/signals/2329641,error:HTTP Error 403: Forbidden,,,,,,,,,,,,,,,,,
https://www.mql5.com/en/signals/2329710,error:HTTP Error 403: Forbidden,,,,,,,,,,,,,,,,,
https://www.mql5.com/en/signals/2329873,error:HTTP Error 403: Forbidden,,,,,,,,,,,,,,,,,
https://www.mql5.com/en/signals/2329933,error:HTTP Error 403: Forbidden,,,,,,,,,,,,,,,,,
https://www.mql5.com/en/signals/2329964,error:HTTP Error 403: Forbidden,,,,,,,,,,,,,,,,,
https://www.mql5.com/en/signals/2330000,error:HTTP Error 403: Forbidden,,,,,,,,,,,,,,,,,
https://www.mql5.com/en/signals/2330176,error:HTTP Error 403: Forbidden,,,,,,,,,,,,,,,,,
https://www.mql5.com/en/signals/2330304,error:HTTP Error 403: Forbidden,,,,,,,,,,,,,,,,,
https://www.mql5.com/en/signals/2330365,error:HTTP Error 403: Forbidden,,,,,,,,,,,,,,,,,
https://www.mql5.com/en/signals/2330426,error:HTTP Error 403: Forbidden,,,,,,,,,,,,,,,,,
https://www.mql5.com/en/signals/2330430,error:HTTP Error 403: Forbidden,,,,,,,,,,,,,,,,,
https://www.mql5.com/en/signals/2330505,error:HTTP Error 403: Forbidden,,,,,,,,,,,,,,,,,
https://www.mql5.com/en/signals/2330653,error:HTTP Error 403: Forbidden,,,,,,,,,,,,,,,,,
https://www.mql5.com/en/signals/2330674,error:HTTP Error 403: Forbidden,,,,,,,,,,,,,,,,,
https://www.mql5.com/en/signals/2330710,error:HTTP Error 403: Forbidden,,,,,,,,,,,,,,,,,
https://www.mql5.com/en/signals/2330744,error:HTTP Error 403: Forbidden,,,,,,,,,,,,,,,,,
https://www.mql5.com/en/signals/2330983,error:HTTP Error 403: Forbidden,,,,,,,,,,,,,,,,,
https://www.mql5.com/en/signals/2331134,error:HTTP Error 403: Forbidden,,,,,,,,,,,,,,,,,
https://www.mql5.com/en/signals/2331356,error:HTTP Error 403: Forbidden,,,,,,,,,,,,,,,,,
https://www.mql5.com/en/signals/2331389,error:HTTP Error 403: Forbidden,,,,,,,,,,,,,,,,,
https://www.mql5.com/en/signals/2331421,error:HTTP Error 403: Forbidden,,,,,,,,,,,,,,,,,
https://www.mql5.com/en/signals/2331688,error:HTTP Error 403: Forbidden,,,,,,,,,,,,,,,,,
https://www.mql5.com/en/signals/2331981,error:HTTP Error 403: Forbidden,,,,,,,,,,,,,,,,,
https://www.mql5.com/en/signals/2332010,error:HTTP Error 403: Forbidden,,,,,,,,,,,,,,,,,
https://www.mql5.com/en/signals/2332085,error:HTTP Error 403: Forbidden,,,,,,,,,,,,,,,,,
https://www.mql5.com/en/signals/2332164,error:HTTP Error 403: Forbidden,,,,,,,,,,,,,,,,,
https://www.mql5.com/en/signals/2332166,error:HTTP Error 403: Forbidden,,,,,,,,,,,,,,,,,
https://www.mql5.com/en/signals/2332330,error:HTTP Error 403: Forbidden,,,,,,,,,,,,,,,,,
https://www.mql5.com/en/signals/2332372,error:HTTP Error 403: Forbidden,,,,,,,,,,,,,,,,,
https://www.mql5.com/en/signals/2332374,error:HTTP Error 403: Forbidden,,,,,,,,,,,,,,,,,
https://www.mql5.com/en/signals/2332544,error:HTTP Error 403: Forbidden,,,,,,,,,,,,,,,,,
https://www.mql5.com/en/signals/2332746,error:HTTP Error 403: Forbidden,,,,,,,,,,,,,,,,,
https://www.mql5.com/en/signals/2332943,error:HTTP Error 403: Forbidden,,,,,,,,,,,,,,,,,
https://www.mql5.com/en/signals/2333056,error:HTTP Error 403: Forbidden,,,,,,,,,,,,,,,,,
https://www.mql5.com/en/signals/2333114,error:HTTP Error 403: Forbidden,,,,,,,,,,,,,,,,,
https://www.mql5.com/en/signals/2333280,error:HTTP Error 403: Forbidden,,,,,,,,,,,,,,,,,
https://www.mql5.com/en/signals/2333407,error:HTTP Error 403: Forbidden,,,,,,,,,,,,,,,,,
https://www.mql5.com/en/signals/2333508,error:HTTP Error 403: Forbidden,,,,,,,,,,,,,,,,,
https://www.mql5.com/en/signals/2333519,error:HTTP Error 403: Forbidden,,,,,,,,,,,,,,,,,
https://www.mql5.com/en/signals/2333581,error:HTTP Error 403: Forbidden,,,,,,,,,,,,,,,,,
https://www.mql5.com/en/signals/2333730,error:HTTP Error 403: Forbidden,,,,,,,,,,,,,,,,,
https://www.mql5.com/en/signals/2333760,error:HTTP Error 403: Forbidden,,,,,,,,,,,,,,,,,
https://www.mql5.com/en/signals/2333819,error:HTTP Error 403: Forbidden,,,,,,,,,,,,,,,,,
https://www.mql5.com/en/signals/2333907,error:HTTP Error 403: Forbidden,,,,,,,,,,,,,,,,,
https://www.mql5.com/en/signals/2333969,error:HTTP Error 403: Forbidden,,,,,,,,,,,,,,,,,
https://www.mql5.com/en/signals/2334005,error:HTTP Error 403: Forbidden,,,,,,,,,,,,,,,,,
https://www.mql5.com/en/signals/2334090,error:HTTP Error 403: Forbidden,,,,,,,,,,,,,,,,,
https://www.mql5.com/en/signals/2334125,error:HTTP Error 403: Forbidden,,,,,,,,,,,,,,,,,
https://www.mql5.com/en/signals/2334259,error:HTTP Error 403: Forbidden,,,,,,,,,,,,,,,,,
https://www.mql5.com/en/signals/2334486,error:HTTP Error 403: Forbidden,,,,,,,,,,,,,,,,,
https://www.mql5.com/en/signals/2334530,error:HTTP Error 403: Forbidden,,,,,,,,,,,,,,,,,
https://www.mql5.com/en/signals/2334562,error:HTTP Error 403: Forbidden,,,,,,,,,,,,,,,,,
https://www.mql5.com/en/signals/2334617,error:HTTP Error 403: Forbidden,,,,,,,,,,,,,,,,,
https://www.mql5.com/en/signals/2334800,error:HTTP Error 403: Forbidden,,,,,,,,,,,,,,,,,
https://www.mql5.com/en/signals/2334833,error:HTTP Error 403: Forbidden,,,,,,,,,,,,,,,,,
https://www.mql5.com/en/signals/2334891,error:HTTP Error 403: Forbidden,,,,,,,,,,,,,,,,,
https://www.mql5.com/en/signals/2334896,error:HTTP Error 403: Forbidden,,,,,,,,,,,,,,,,,
https://www.mql5.com/en/signals/2335084,error:HTTP Error 403: Forbidden,,,,,,,,,,,,,,,,,
https://www.mql5.com/en/signals/2335155,error:HTTP Error 403: Forbidden,,,,,,,,,,,,,,,,,
https://www.mql5.com/en/signals/2335179,error:HTTP Error 403: Forbidden,,,,,,,,,,,,,,,,,
https://www.mql5.com/en/signals/2335546,error:HTTP Error 403: Forbidden,,,,,,,,,,,,,,,,,
https://www.mql5.com/en/signals/2335565,error:HTTP Error 403: Forbidden,,,,,,,,,,,,,,,,,
https://www.mql5.com/en/signals/2335596,error:HTTP Error 403: Forbidden,,,,,,,,,,,,,,,,,
https://www.mql5.com/en/signals/2335645,error:HTTP Error 403: Forbidden,,,,,,,,,,,,,,,,,
https://www.mql5.com/en/signals/2335898,error:HTTP Error 403: Forbidden,,,,,,,,,,,,,,,,,
https://www.mql5.com/en/signals/2335965,error:HTTP Error 403: Forbidden,,,,,,,,,,,,,,,,,
https://www.mql5.com/en/signals/2336091,error:HTTP Error 403: Forbidden,,,,,,,,,,,,,,,,,
https://www.mql5.com/en/signals/2336362,error:HTTP Error 403: Forbidden,,,,,,,,,,,,,,,,,
https://www.mql5.com/en/signals/2336404,error:HTTP Error 403: Forbidden,,,,,,,,,,,,,,,,,
https://www.mql5.com/en/signals/2336469,error:HTTP Error 403: Forbidden,,,,,,,,,,,,,,,,,
https://www.mql5.com/en/signals/2336750,error:HTTP Error 403: Forbidden,,,,,,,,,,,,,,,,,
https://www.mql5.com/en/signals/2336812,error:HTTP Error 403: Forbidden,,,,,,,,,,,,,,,,,
https://www.mql5.com/en/signals/2336813,error:HTTP Error 403: Forbidden,,,,,,,,,,,,,,,,,
https://www.mql5.com/en/signals/2336814,error:HTTP Error 403: Forbidden,,,,,,,,,,,,,,,,,
https://www.mql5.com/en/signals/2336815,error:HTTP Error 403: Forbidden,,,,,,,,,,,,,,,,,
https://www.mql5.com/en/signals/2336816,error:HTTP Error 403: Forbidden,,,,,,,,,,,,,,,,,
https://www.mql5.com/en/signals/2336833,error:HTTP Error 403: Forbidden,,,,,,,,,,,,,,,,,
https://www.mql5.com/en/signals/2336904,error:HTTP Error 403: Forbidden,,,,,,,,,,,,,,,,,
https://www.mql5.com/en/signals/2337086,error:HTTP Error 403: Forbidden,,,,,,,,,,,,,,,,,
https://www.mql5.com/en/signals/2337212,error:HTTP Error 403: Forbidden,,,,,,,,,,,,,,,,,
https://www.mql5.com/en/signals/2337245,error:HTTP Error 403: Forbidden,,,,,,,,,,,,,,,,,
https://www.mql5.com/en/signals/2337270,error:HTTP Error 403: Forbidden,,,,,,,,,,,,,,,,,
https://www.mql5.com/en/signals/2337408,error:HTTP Error 403: Forbidden,,,,,,,,,,,,,,,,,
https://www.mql5.com/en/signals/2337459,error:HTTP Error 403: Forbidden,,,,,,,,,,,,,,,,,
https://www.mql5.com/en/signals/2337490,error:HTTP Error 403: Forbidden,,,,,,,,,,,,,,,,,
https://www.mql5.com/en/signals/2337617,error:HTTP Error 403: Forbidden,,,,,,,,,,,,,,,,,
https://www.mql5.com/en/signals/2337747,error:HTTP Error 403: Forbidden,,,,,,,,,,,,,,,,,
https://www.mql5.com/en/signals/2337752,error:HTTP Error 403: Forbidden,,,,,,,,,,,,,,,,,
https://www.mql5.com/en/signals/2337917,error:HTTP Error 403: Forbidden,,,,,,,,,,,,,,,,,
https://www.mql5.com/en/signals/2337920,error:HTTP Error 403: Forbidden,,,,,,,,,,,,,,,,,
https://www.mql5.com/en/signals/2337989,error:HTTP Error 403: Forbidden,,,,,,,,,,,,,,,,,
https://www.mql5.com/en/signals/2338047,error:HTTP Error 403: Forbidden,,,,,,,,,,,,,,,,,
https://www.mql5.com/en/signals/2338375,error:HTTP Error 403: Forbidden,,,,,,,,,,,,,,,,,
https://www.mql5.com/en/signals/2338697,error:HTTP Error 403: Forbidden,,,,,,,,,,,,,,,,,
https://www.mql5.com/en/signals/2338769,error:HTTP Error 403: Forbidden,,,,,,,,,,,,,,,,,
https://www.mql5.com/en/signals/2338827,error:HTTP Error 403: Forbidden,,,,,,,,,,,,,,,,,
https://www.mql5.com/en/signals/2338850,error:HTTP Error 403: Forbidden,,,,,,,,,,,,,,,,,
https://www.mql5.com/en/signals/2339076,error:HTTP Error 403: Forbidden,,,,,,,,,,,,,,,,,
https://www.mql5.com/en/signals/2339082,error:HTTP Error 403: Forbidden,,,,,,,,,,,,,,,,,
https://www.mql5.com/en/signals/2339111,error:HTTP Error 403: Forbidden,,,,,,,,,,,,,,,,,
https://www.mql5.com/en/signals/2339222,error:HTTP Error 403: Forbidden,,,,,,,,,,,,,,,,,
https://www.mql5.com/en/signals/2339246,error:HTTP Error 403: Forbidden,,,,,,,,,,,,,,,,,
https://www.mql5.com/en/signals/2339256,error:HTTP Error 403: Forbidden,,,,,,,,,,,,,,,,,
https://www.mql5.com/en/signals/2339287,error:HTTP Error 403: Forbidden,,,,,,,,,,,,,,,,,
https://www.mql5.com/en/signals/2339441,error:HTTP Error 403: Forbidden,,,,,,,,,,,,,,,,,
https://www.mql5.com/en/signals/2339556,error:HTTP Error 403: Forbidden,,,,,,,,,,,,,,,,,
https://www.mql5.com/en/signals/2339588,error:HTTP Error 403: Forbidden,,,,,,,,,,,,,,,,,
https://www.mql5.com/en/signals/2339594,error:HTTP Error 403: Forbidden,,,,,,,,,,,,,,,,,
https://www.mql5.com/en/signals/2339608,error:HTTP Error 403: Forbidden,,,,,,,,,,,,,,,,,
https://www.mql5.com/en/signals/2339635,error:HTTP Error 403: Forbidden,,,,,,,,,,,,,,,,,
https://www.mql5.com/en/signals/2339677,error:HTTP Error 403: Forbidden,,,,,,,,,,,,,,,,,
https://www.mql5.com/en/signals/2339733,error:HTTP Error 403: Forbidden,,,,,,,,,,,,,,,,,
https://www.mql5.com/en/signals/2339745,error:HTTP Error 403: Forbidden,,,,,,,,,,,,,,,,,
https://www.mql5.com/en/signals/2339759,error:HTTP Error 403: Forbidden,,,,,,,,,,,,,,,,,
https://www.mql5.com/en/signals/2339819,error:HTTP Error 403: Forbidden,,,,,,,,,,,,,,,,,
https://www.mql5.com/en/signals/2339848,error:HTTP Error 403: Forbidden,,,,,,,,,,,,,,,,,
https://www.mql5.com/en/signals/2339857,error:HTTP Error 403: Forbidden,,,,,,,,,,,,,,,,,
https://www.mql5.com/en/signals/2340084,error:HTTP Error 403: Forbidden,,,,,,,,,,,,,,,,,
https://www.mql5.com/en/signals/2340104,error:HTTP Error 403: Forbidden,,,,,,,,,,,,,,,,,
https://www.mql5.com/en/signals/2340140,error:HTTP Error 403: Forbidden,,,,,,,,,,,,,,,,,
https://www.mql5.com/en/signals/2340252,error:HTTP Error 403: Forbidden,,,,,,,,,,,,,,,,,
https://www.mql5.com/en/signals/2340396,error:HTTP Error 403: Forbidden,,,,,,,,,,,,,,,,,
https://www.mql5.com/en/signals/2340413,error:HTTP Error 403: Forbidden,,,,,,,,,,,,,,,,,
https://www.mql5.com/en/signals/2340546,error:HTTP Error 403: Forbidden,,,,,,,,,,,,,,,,,
https://www.mql5.com/en/signals/2340550,error:HTTP Error 403: Forbidden,,,,,,,,,,,,,,,,,
https://www.mql5.com/en/signals/2340704,error:HTTP Error 403: Forbidden,,,,,,,,,,,,,,,,,
https://www.mql5.com/en/signals/2340721,error:HTTP Error 403: Forbidden,,,,,,,,,,,,,,,,,
https://www.mql5.com/en/signals/2340788,error:HTTP Error 403: Forbidden,,,,,,,,,,,,,,,,,
https://www.mql5.com/en/signals/2340812,error:HTTP Error 403: Forbidden,,,,,,,,,,,,,,,,,
https://www.mql5.com/en/signals/2340844,error:HTTP Error 403: Forbidden,,,,,,,,,,,,,,,,,
https://www.mql5.com/en/signals/2340898,error:HTTP Error 403: Forbidden,,,,,,,,,,,,,,,,,
https://www.mql5.com/en/signals/2340927,error:HTTP Error 403: Forbidden,,,,,,,,,,,,,,,,,
https://www.mql5.com/en/signals/2341015,error:HTTP Error 403: Forbidden,,,,,,,,,,,,,,,,,
https://www.mql5.com/en/signals/2341056,error:HTTP Error 403: Forbidden,,,,,,,,,,,,,,,,,
https://www.mql5.com/en/signals/2341078,error:HTTP Error 403: Forbidden,,,,,,,,,,,,,,,,,
https://www.mql5.com/en/signals/2341112,error:HTTP Error 403: Forbidden,,,,,,,,,,,,,,,,,
https://www.mql5.com/en/signals/2341131,error:HTTP Error 403: Forbidden,,,,,,,,,,,,,,,,,
https://www.mql5.com/en/signals/2341183,error:HTTP Error 403: Forbidden,,,,,,,,,,,,,,,,,
https://www.mql5.com/en/signals/2341350,error:HTTP Error 403: Forbidden,,,,,,,,,,,,,,,,,
https://www.mql5.com/en/signals/2341355,error:HTTP Error 403: Forbidden,,,,,,,,,,,,,,,,,
https://www.mql5.com/en/signals/2341388,error:HTTP Error 403: Forbidden,,,,,,,,,,,,,,,,,
https://www.mql5.com/en/signals/2341479,error:HTTP Error 403: Forbidden,,,,,,,,,,,,,,,,,
https://www.mql5.com/en/signals/2341595,error:HTTP Error 403: Forbidden,,,,,,,,,,,,,,,,,
https://www.mql5.com/en/signals/2341798,error:HTTP Error 403: Forbidden,,,,,,,,,,,,,,,,,
https://www.mql5.com/en/signals/2341857,error:HTTP Error 403: Forbidden,,,,,,,,,,,,,,,,,
https://www.mql5.com/en/signals/2341974,error:HTTP Error 403: Forbidden,,,,,,,,,,,,,,,,,
https://www.mql5.com/en/signals/2342068,error:HTTP Error 403: Forbidden,,,,,,,,,,,,,,,,,
https://www.mql5.com/en/signals/2342309,error:HTTP Error 403: Forbidden,,,,,,,,,,,,,,,,,
https://www.mql5.com/en/signals/2342313,error:HTTP Error 403: Forbidden,,,,,,,,,,,,,,,,,
https://www.mql5.com/en/signals/2342383,error:HTTP Error 403: Forbidden,,,,,,,,,,,,,,,,,
https://www.mql5.com/en/signals/2342394,error:HTTP Error 403: Forbidden,,,,,,,,,,,,,,,,,
https://www.mql5.com/en/signals/2342449,error:HTTP Error 403: Forbidden,,,,,,,,,,,,,,,,,
https://www.mql5.com/en/signals/2342501,error:HTTP Error 403: Forbidden,,,,,,,,,,,,,,,,,
https://www.mql5.com/en/signals/2342623,error:HTTP Error 403: Forbidden,,,,,,,,,,,,,,,,,
https://www.mql5.com/en/signals/2342642,error:HTTP Error 403: Forbidden,,,,,,,,,,,,,,,,,
https://www.mql5.com/en/signals/2342682,error:HTTP Error 403: Forbidden,,,,,,,,,,,,,,,,,
https://www.mql5.com/en/signals/2342686,error:HTTP Error 403: Forbidden,,,,,,,,,,,,,,,,,
https://www.mql5.com/en/signals/2342791,error:HTTP Error 403: Forbidden,,,,,,,,,,,,,,,,,
https://www.mql5.com/en/signals/2342792,error:HTTP Error 403: Forbidden,,,,,,,,,,,,,,,,,
https://www.mql5.com/en/signals/2342871,error:HTTP Error 403: Forbidden,,,,,,,,,,,,,,,,,
https://www.mql5.com/en/signals/2342895,error:HTTP Error 403: Forbidden,,,,,,,,,,,,,,,,,
https://www.mql5.com/en/signals/2342957,error:HTTP Error 403: Forbidden,,,,,,,,,,,,,,,,,
https://www.mql5.com/en/signals/2342984,error:HTTP Error 403: Forbidden,,,,,,,,,,,,,,,,,
https://www.mql5.com/en/signals/2343007,error:HTTP Error 403: Forbidden,,,,,,,,,,,,,,,,,
https://www.mql5.com/en/signals/2343222,error:HTTP Error 403: Forbidden,,,,,,,,,,,,,,,,,
https://www.mql5.com/en/signals/2343241,error:HTTP Error 403: Forbidden,,,,,,,,,,,,,,,,,
https://www.mql5.com/en/signals/2343251,error:HTTP Error 403: Forbidden,,,,,,,,,,,,,,,,,
https://www.mql5.com/en/signals/2343255,error:HTTP Error 403: Forbidden,,,,,,,,,,,,,,,,,
https://www.mql5.com/en/signals/2343270,error:HTTP Error 403: Forbidden,,,,,,,,,,,,,,,,,
https://www.mql5.com/en/signals/2343278,error:HTTP Error 403: Forbidden,,,,,,,,,,,,,,,,,
https://www.mql5.com/en/signals/2343284,error:HTTP Error 403: Forbidden,,,,,,,,,,,,,,,,,
https://www.mql5.com/en/signals/2343308,error:HTTP Error 403: Forbidden,,,,,,,,,,,,,,,,,
https://www.mql5.com/en/signals/2343332,error:HTTP Error 403: Forbidden,,,,,,,,,,,,,,,,,
https://www.mql5.com/en/signals/2343383,error:HTTP Error 403: Forbidden,,,,,,,,,,,,,,,,,
https://www.mql5.com/en/signals/2343506,error:HTTP Error 403: Forbidden,,,,,,,,,,,,,,,,,
https://www.mql5.com/en/signals/2343571,error:HTTP Error 403: Forbidden,,,,,,,,,,,,,,,,,
https://www.mql5.com/en/signals/2343591,error:HTTP Error 403: Forbidden,,,,,,,,,,,,,,,,,
https://www.mql5.com/en/signals/2343602,error:HTTP Error 403: Forbidden,,,,,,,,,,,,,,,,,
https://www.mql5.com/en/signals/2343618,error:HTTP Error 403: Forbidden,,,,,,,,,,,,,,,,,
https://www.mql5.com/en/signals/2343619,error:HTTP Error 403: Forbidden,,,,,,,,,,,,,,,,,
https://www.mql5.com/en/signals/2343620,error:HTTP Error 403: Forbidden,,,,,,,,,,,,,,,,,
https://www.mql5.com/en/signals/2343621,error:HTTP Error 403: Forbidden,,,,,,,,,,,,,,,,,
https://www.mql5.com/en/signals/2343622,error:HTTP Error 403: Forbidden,,,,,,,,,,,,,,,,,
https://www.mql5.com/en/signals/2343691,error:HTTP Error 403: Forbidden,,,,,,,,,,,,,,,,,
https://www.mql5.com/en/signals/2343740,error:HTTP Error 403: Forbidden,,,,,,,,,,,,,,,,,
https://www.mql5.com/en/signals/2343756,error:HTTP Error 403: Forbidden,,,,,,,,,,,,,,,,,
https://www.mql5.com/en/signals/2343812,error:HTTP Error 403: Forbidden,,,,,,,,,,,,,,,,,
https://www.mql5.com/en/signals/2343825,error:HTTP Error 403: Forbidden,,,,,,,,,,,,,,,,,
https://www.mql5.com/en/signals/2343827,error:HTTP Error 403: Forbidden,,,,,,,,,,,,,,,,,
https://www.mql5.com/en/signals/2343928,error:HTTP Error 403: Forbidden,,,,,,,,,,,,,,,,,
https://www.mql5.com/en/signals/2344074,error:HTTP Error 403: Forbidden,,,,,,,,,,,,,,,,,
https://www.mql5.com/en/signals/2344173,error:HTTP Error 403: Forbidden,,,,,,,,,,,,,,,,,
https://www.mql5.com/en/signals/2344235,error:HTTP Error 403: Forbidden,,,,,,,,,,,,,,,,,
https://www.mql5.com/en/signals/2344331,error:HTTP Error 403: Forbidden,,,,,,,,,,,,,,,,,
https://www.mql5.com/en/signals/2344515,error:HTTP Error 403: Forbidden,,,,,,,,,,,,,,,,,
https://www.mql5.com/en/signals/2344524,error:HTTP Error 403: Forbidden,,,,,,,,,,,,,,,,,
https://www.mql5.com/en/signals/2344528,error:HTTP Error 403: Forbidden,,,,,,,,,,,,,,,,,
https://www.mql5.com/en/signals/2344563,error:HTTP Error 403: Forbidden,,,,,,,,,,,,,,,,,
https://www.mql5.com/en/signals/2344620,error:HTTP Error 403: Forbidden,,,,,,,,,,,,,,,,,
https://www.mql5.com/en/signals/2344644,error:HTTP Error 403: Forbidden,,,,,,,,,,,,,,,,,
https://www.mql5.com/en/signals/2344699,error:HTTP Error 403: Forbidden,,,,,,,,,,,,,,,,,
https://www.mql5.com/en/signals/2344790,error:HTTP Error 403: Forbidden,,,,,,,,,,,,,,,,,
https://www.mql5.com/en/signals/2344794,error:HTTP Error 403: Forbidden,,,,,,,,,,,,,,,,,
https://www.mql5.com/en/signals/2344889,error:HTTP Error 403: Forbidden,,,,,,,,,,,,,,,,,
https://www.mql5.com/en/signals/2345182,error:HTTP Error 403: Forbidden,,,,,,,,,,,,,,,,,
https://www.mql5.com/en/signals/2345189,error:HTTP Error 403: Forbidden,,,,,,,,,,,,,,,,,
https://www.mql5.com/en/signals/2345228,error:HTTP Error 403: Forbidden,,,,,,,,,,,,,,,,,
https://www.mql5.com/en/signals/2345349,error:HTTP Error 403: Forbidden,,,,,,,,,,,,,,,,,
https://www.mql5.com/en/signals/2345352,error:HTTP Error 403: Forbidden,,,,,,,,,,,,,,,,,
https://www.mql5.com/en/signals/2345413,error:HTTP Error 403: Forbidden,,,,,,,,,,,,,,,,,
https://www.mql5.com/en/signals/2345559,error:HTTP Error 403: Forbidden,,,,,,,,,,,,,,,,,
https://www.mql5.com/en/signals/2345599,error:HTTP Error 403: Forbidden,,,,,,,,,,,,,,,,,
https://www.mql5.com/en/signals/2345670,error:HTTP Error 403: Forbidden,,,,,,,,,,,,,,,,,
https://www.mql5.com/en/signals/2345752,error:HTTP Error 403: Forbidden,,,,,,,,,,,,,,,,,
https://www.mql5.com/en/signals/2345820,error:HTTP Error 403: Forbidden,,,,,,,,,,,,,,,,,
https://www.mql5.com/en/signals/2345894,error:HTTP Error 403: Forbidden,,,,,,,,,,,,,,,,,
https://www.mql5.com/en/signals/2346009,error:HTTP Error 403: Forbidden,,,,,,,,,,,,,,,,,
https://www.mql5.com/en/signals/2346123,error:HTTP Error 403: Forbidden,,,,,,,,,,,,,,,,,
https://www.mql5.com/en/signals/2346141,error:HTTP Error 403: Forbidden,,,,,,,,,,,,,,,,,
https://www.mql5.com/en/signals/2346275,error:HTTP Error 403: Forbidden,,,,,,,,,,,,,,,,,
https://www.mql5.com/en/signals/2346305,error:HTTP Error 403: Forbidden,,,,,,,,,,,,,,,,,
https://www.mql5.com/en/signals/2346344,error:HTTP Error 403: Forbidden,,,,,,,,,,,,,,,,,
https://www.mql5.com/en/signals/2346380,error:HTTP Error 403: Forbidden,,,,,,,,,,,,,,,,,
https://www.mql5.com/en/signals/2346510,error:HTTP Error 403: Forbidden,,,,,,,,,,,,,,,,,
https://www.mql5.com/en/signals/2346593,error:HTTP Error 403: Forbidden,,,,,,,,,,,,,,,,,
https://www.mql5.com/en/signals/2346741,error:HTTP Error 403: Forbidden,,,,,,,,,,,,,,,,,
https://www.mql5.com/en/signals/2346790,error:HTTP Error 403: Forbidden,,,,,,,,,,,,,,,,,
https://www.mql5.com/en/signals/2346820,error:HTTP Error 403: Forbidden,,,,,,,,,,,,,,,,,
https://www.mql5.com/en/signals/2346982,error:HTTP Error 403: Forbidden,,,,,,,,,,,,,,,,,
https://www.mql5.com/en/signals/2347097,error:HTTP Error 403: Forbidden,,,,,,,,,,,,,,,,,
https://www.mql5.com/en/signals/2347198,error:HTTP Error 403: Forbidden,,,,,,,,,,,,,,,,,
https://www.mql5.com/en/signals/2347199,error:HTTP Error 403: Forbidden,,,,,,,,,,,,,,,,,
https://www.mql5.com/en/signals/2347211,error:HTTP Error 403: Forbidden,,,,,,,,,,,,,,,,,
https://www.mql5.com/en/signals/2347264,error:HTTP Error 403: Forbidden,,,,,,,,,,,,,,,,,
https://www.mql5.com/en/signals/2347323,error:HTTP Error 403: Forbidden,,,,,,,,,,,,,,,,,
https://www.mql5.com/en/signals/2347414,error:HTTP Error 403: Forbidden,,,,,,,,,,,,,,,,,
https://www.mql5.com/en/signals/2347461,error:HTTP Error 403: Forbidden,,,,,,,,,,,,,,,,,
https://www.mql5.com/en/signals/2347472,error:HTTP Error 403: Forbidden,,,,,,,,,,,,,,,,,
https://www.mql5.com/en/signals/2347499,error:HTTP Error 403: Forbidden,,,,,,,,,,,,,,,,,
https://www.mql5.com/en/signals/2347569,error:HTTP Error 403: Forbidden,,,,,,,,,,,,,,,,,
https://www.mql5.com/en/signals/2347592,error:HTTP Error 403: Forbidden,,,,,,,,,,,,,,,,,
https://www.mql5.com/en/signals/2347676,error:HTTP Error 403: Forbidden,,,,,,,,,,,,,,,,,
https://www.mql5.com/en/signals/2347870,error:HTTP Error 403: Forbidden,,,,,,,,,,,,,,,,,
https://www.mql5.com/en/signals/2347910,error:HTTP Error 403: Forbidden,,,,,,,,,,,,,,,,,
https://www.mql5.com/en/signals/2348017,error:HTTP Error 403: Forbidden,,,,,,,,,,,,,,,,,
https://www.mql5.com/en/signals/2348051,error:HTTP Error 403: Forbidden,,,,,,,,,,,,,,,,,
https://www.mql5.com/en/signals/2348133,error:HTTP Error 403: Forbidden,,,,,,,,,,,,,,,,,
https://www.mql5.com/en/signals/2348158,error:HTTP Error 403: Forbidden,,,,,,,,,,,,,,,,,
https://www.mql5.com/en/signals/2348226,error:HTTP Error 403: Forbidden,,,,,,,,,,,,,,,,,
https://www.mql5.com/en/signals/2348372,error:HTTP Error 403: Forbidden,,,,,,,,,,,,,,,,,
https://www.mql5.com/en/signals/2348377,error:HTTP Error 403: Forbidden,,,,,,,,,,,,,,,,,
https://www.mql5.com/en/signals/2348395,error:HTTP Error 403: Forbidden,,,,,,,,,,,,,,,,,
https://www.mql5.com/en/signals/2348494,error:HTTP Error 403: Forbidden,,,,,,,,,,,,,,,,,
https://www.mql5.com/en/signals/2348517,error:HTTP Error 403: Forbidden,,,,,,,,,,,,,,,,,
https://www.mql5.com/en/signals/2348589,error:HTTP Error 403: Forbidden,,,,,,,,,,,,,,,,,
https://www.mql5.com/en/signals/2348857,error:HTTP Error 403: Forbidden,,,,,,,,,,,,,,,,,
https://www.mql5.com/en/signals/2348859,error:HTTP Error 403: Forbidden,,,,,,,,,,,,,,,,,
https://www.mql5.com/en/signals/2348998,error:HTTP Error 403: Forbidden,,,,,,,,,,,,,,,,,
https://www.mql5.com/en/signals/2349087,error:HTTP Error 403: Forbidden,,,,,,,,,,,,,,,,,
https://www.mql5.com/en/signals/2349201,error:HTTP Error 403: Forbidden,,,,,,,,,,,,,,,,,
https://www.mql5.com/en/signals/2349212,error:HTTP Error 403: Forbidden,,,,,,,,,,,,,,,,,
https://www.mql5.com/en/signals/2349227,error:HTTP Error 403: Forbidden,,,,,,,,,,,,,,,,,
https://www.mql5.com/en/signals/2349474,error:HTTP Error 403: Forbidden,,,,,,,,,,,,,,,,,
https://www.mql5.com/en/signals/2349525,error:HTTP Error 403: Forbidden,,,,,,,,,,,,,,,,,
https://www.mql5.com/en/signals/2349540,error:HTTP Error 403: Forbidden,,,,,,,,,,,,,,,,,
https://www.mql5.com/en/signals/2349612,error:HTTP Error 403: Forbidden,,,,,,,,,,,,,,,,,
https://www.mql5.com/en/signals/2349776,error:HTTP Error 403: Forbidden,,,,,,,,,,,,,,,,,
https://www.mql5.com/en/signals/2349795,error:HTTP Error 403: Forbidden,,,,,,,,,,,,,,,,,
https://www.mql5.com/en/signals/2349808,error:HTTP Error 403: Forbidden,,,,,,,,,,,,,,,,,
https://www.mql5.com/en/signals/2349902,error:HTTP Error 403: Forbidden,,,,,,,,,,,,,,,,,
https://www.mql5.com/en/signals/2349913,error:HTTP Error 403: Forbidden,,,,,,,,,,,,,,,,,
https://www.mql5.com/en/signals/2349947,error:HTTP Error 403: Forbidden,,,,,,,,,,,,,,,,,
https://www.mql5.com/en/signals/2350208,error:HTTP Error 403: Forbidden,,,,,,,,,,,,,,,,,
https://www.mql5.com/en/signals/2350211,error:HTTP Error 403: Forbidden,,,,,,,,,,,,,,,,,
https://www.mql5.com/en/signals/2350229,error:HTTP Error 403: Forbidden,,,,,,,,,,,,,,,,,
https://www.mql5.com/en/signals/2350514,error:HTTP Error 403: Forbidden,,,,,,,,,,,,,,,,,
https://www.mql5.com/en/signals/2350523,error:HTTP Error 403: Forbidden,,,,,,,,,,,,,,,,,
https://www.mql5.com/en/signals/2350535,error:HTTP Error 403: Forbidden,,,,,,,,,,,,,,,,,
https://www.mql5.com/en/signals/2350558,error:HTTP Error 403: Forbidden,,,,,,,,,,,,,,,,,
https://www.mql5.com/en/signals/2350692,error:HTTP Error 403: Forbidden,,,,,,,,,,,,,,,,,
https://www.mql5.com/en/signals/2350766,error:HTTP Error 403: Forbidden,,,,,,,,,,,,,,,,,
https://www.mql5.com/en/signals/2350767,error:HTTP Error 403: Forbidden,,,,,,,,,,,,,,,,,
https://www.mql5.com/en/signals/2350881,error:HTTP Error 403: Forbidden,,,,,,,,,,,,,,,,,
https://www.mql5.com/en/signals/2350902,error:HTTP Error 403: Forbidden,,,,,,,,,,,,,,,,,
https://www.mql5.com/en/signals/2350934,error:HTTP Error 403: Forbidden,,,,,,,,,,,,,,,,,
https://www.mql5.com/en/signals/2350935,error:HTTP Error 403: Forbidden,,,,,,,,,,,,,,,,,
https://www.mql5.com/en/signals/2351002,error:HTTP Error 403: Forbidden,,,,,,,,,,,,,,,,,
https://www.mql5.com/en/signals/2351032,error:HTTP Error 403: Forbidden,,,,,,,,,,,,,,,,,
https://www.mql5.com/en/signals/2351061,error:HTTP Error 403: Forbidden,,,,,,,,,,,,,,,,,
https://www.mql5.com/en/signals/2351091,error:HTTP Error 403: Forbidden,,,,,,,,,,,,,,,,,
https://www.mql5.com/en/signals/2351324,error:HTTP Error 403: Forbidden,,,,,,,,,,,,,,,,,
https://www.mql5.com/en/signals/2351355,error:HTTP Error 403: Forbidden,,,,,,,,,,,,,,,,,
https://www.mql5.com/en/signals/2351357,error:HTTP Error 403: Forbidden,,,,,,,,,,,,,,,,,
https://www.mql5.com/en/signals/2351368,error:HTTP Error 403: Forbidden,,,,,,,,,,,,,,,,,
https://www.mql5.com/en/signals/2351383,error:HTTP Error 403: Forbidden,,,,,,,,,,,,,,,,,
https://www.mql5.com/en/signals/2351423,error:HTTP Error 403: Forbidden,,,,,,,,,,,,,,,,,
https://www.mql5.com/en/signals/2351438,error:HTTP Error 403: Forbidden,,,,,,,,,,,,,,,,,
https://www.mql5.com/en/signals/2351564,error:HTTP Error 403: Forbidden,,,,,,,,,,,,,,,,,
https://www.mql5.com/en/signals/2351598,error:HTTP Error 403: Forbidden,,,,,,,,,,,,,,,,,
https://www.mql5.com/en/signals/2351663,error:HTTP Error 403: Forbidden,,,,,,,,,,,,,,,,,
https://www.mql5.com/en/signals/2351724,error:HTTP Error 403: Forbidden,,,,,,,,,,,,,,,,,
https://www.mql5.com/en/signals/2351834,error:HTTP Error 403: Forbidden,,,,,,,,,,,,,,,,,
https://www.mql5.com/en/signals/2351881,error:HTTP Error 403: Forbidden,,,,,,,,,,,,,,,,,
https://www.mql5.com/en/signals/2352025,error:HTTP Error 403: Forbidden,,,,,,,,,,,,,,,,,
https://www.mql5.com/en/signals/2352099,error:HTTP Error 403: Forbidden,,,,,,,,,,,,,,,,,
https://www.mql5.com/en/signals/2352111,error:HTTP Error 403: Forbidden,,,,,,,,,,,,,,,,,
https://www.mql5.com/en/signals/2352162,error:HTTP Error 403: Forbidden,,,,,,,,,,,,,,,,,
https://www.mql5.com/en/signals/2352316,error:HTTP Error 403: Forbidden,,,,,,,,,,,,,,,,,
https://www.mql5.com/en/signals/2352324,error:HTTP Error 403: Forbidden,,,,,,,,,,,,,,,,,
https://www.mql5.com/en/signals/2352327,error:HTTP Error 403: Forbidden,,,,,,,,,,,,,,,,,
https://www.mql5.com/en/signals/2352434,error:HTTP Error 403: Forbidden,,,,,,,,,,,,,,,,,
https://www.mql5.com/en/signals/2352441,error:HTTP Error 403: Forbidden,,,,,,,,,,,,,,,,,
https://www.mql5.com/en/signals/2352473,error:HTTP Error 403: Forbidden,,,,,,,,,,,,,,,,,
https://www.mql5.com/en/signals/2352523,error:HTTP Error 403: Forbidden,,,,,,,,,,,,,,,,,
https://www.mql5.com/en/signals/2352539,error:HTTP Error 403: Forbidden,,,,,,,,,,,,,,,,,
https://www.mql5.com/en/signals/2352573,error:HTTP Error 403: Forbidden,,,,,,,,,,,,,,,,,
https://www.mql5.com/en/signals/2352638,error:HTTP Error 403: Forbidden,,,,,,,,,,,,,,,,,
https://www.mql5.com/en/signals/2352679,error:HTTP Error 403: Forbidden,,,,,,,,,,,,,,,,,
https://www.mql5.com/en/signals/2352813,error:HTTP Error 403: Forbidden,,,,,,,,,,,,,,,,,
https://www.mql5.com/en/signals/2352840,error:HTTP Error 403: Forbidden,,,,,,,,,,,,,,,,,
https://www.mql5.com/en/signals/2352851,error:HTTP Error 403: Forbidden,,,,,,,,,,,,,,,,,
https://www.mql5.com/en/signals/2352915,error:HTTP Error 403: Forbidden,,,,,,,,,,,,,,,,,
https://www.mql5.com/en/signals/2352925,error:HTTP Error 403: Forbidden,,,,,,,,,,,,,,,,,
https://www.mql5.com/en/signals/2353073,error:HTTP Error 403: Forbidden,,,,,,,,,,,,,,,,,
https://www.mql5.com/en/signals/2353132,error:HTTP Error 403: Forbidden,,,,,,,,,,,,,,,,,
https://www.mql5.com/en/signals/2353176,error:HTTP Error 403: Forbidden,,,,,,,,,,,,,,,,,
https://www.mql5.com/en/signals/2353178,error:HTTP Error 403: Forbidden,,,,,,,,,,,,,,,,,
https://www.mql5.com/en/signals/2353305,error:HTTP Error 403: Forbidden,,,,,,,,,,,,,,,,,
https://www.mql5.com/en/signals/2353412,error:HTTP Error 403: Forbidden,,,,,,,,,,,,,,,,,
https://www.mql5.com/en/signals/2353469,error:HTTP Error 403: Forbidden,,,,,,,,,,,,,,,,,
https://www.mql5.com/en/signals/2353471,error:HTTP Error 403: Forbidden,,,,,,,,,,,,,,,,,
https://www.mql5.com/en/signals/2353487,error:HTTP Error 403: Forbidden,,,,,,,,,,,,,,,,,
https://www.mql5.com/en/signals/2353523,error:HTTP Error 403: Forbidden,,,,,,,,,,,,,,,,,
https://www.mql5.com/en/signals/2353595,error:HTTP Error 403: Forbidden,,,,,,,,,,,,,,,,,
https://www.mql5.com/en/signals/2353666,error:HTTP Error 403: Forbidden,,,,,,,,,,,,,,,,,
https://www.mql5.com/en/signals/2353714,error:HTTP Error 403: Forbidden,,,,,,,,,,,,,,,,,
https://www.mql5.com/en/signals/2353731,error:HTTP Error 403: Forbidden,,,,,,,,,,,,,,,,,
https://www.mql5.com/en/signals/2353737,error:HTTP Error 403: Forbidden,,,,,,,,,,,,,,,,,
https://www.mql5.com/en/signals/2353763,error:HTTP Error 403: Forbidden,,,,,,,,,,,,,,,,,
https://www.mql5.com/en/signals/2353774,error:HTTP Error 403: Forbidden,,,,,,,,,,,,,,,,,
https://www.mql5.com/en/signals/2353782,error:HTTP Error 403: Forbidden,,,,,,,,,,,,,,,,,
https://www.mql5.com/en/signals/2353870,error:HTTP Error 403: Forbidden,,,,,,,,,,,,,,,,,
https://www.mql5.com/en/signals/2353871,error:HTTP Error 403: Forbidden,,,,,,,,,,,,,,,,,
https://www.mql5.com/en/signals/2353976,error:HTTP Error 403: Forbidden,,,,,,,,,,,,,,,,,
https://www.mql5.com/en/signals/2354163,error:HTTP Error 403: Forbidden,,,,,,,,,,,,,,,,,
https://www.mql5.com/en/signals/2354205,error:HTTP Error 403: Forbidden,,,,,,,,,,,,,,,,,
https://www.mql5.com/en/signals/2354290,error:HTTP Error 403: Forbidden,,,,,,,,,,,,,,,,,
https://www.mql5.com/en/signals/2354305,error:HTTP Error 403: Forbidden,,,,,,,,,,,,,,,,,
https://www.mql5.com/en/signals/2354408,error:HTTP Error 403: Forbidden,,,,,,,,,,,,,,,,,
https://www.mql5.com/en/signals/2354612,error:HTTP Error 403: Forbidden,,,,,,,,,,,,,,,,,
https://www.mql5.com/en/signals/2354638,error:HTTP Error 403: Forbidden,,,,,,,,,,,,,,,,,
https://www.mql5.com/en/signals/2354672,error:HTTP Error 403: Forbidden,,,,,,,,,,,,,,,,,
https://www.mql5.com/en/signals/2354737,error:HTTP Error 403: Forbidden,,,,,,,,,,,,,,,,,
https://www.mql5.com/en/signals/2354767,error:HTTP Error 403: Forbidden,,,,,,,,,,,,,,,,,
https://www.mql5.com/en/signals/2354826,error:HTTP Error 403: Forbidden,,,,,,,,,,,,,,,,,
https://www.mql5.com/en/signals/2354827,error:HTTP Error 403: Forbidden,,,,,,,,,,,,,,,,,
https://www.mql5.com/en/signals/2354845,error:HTTP Error 403: Forbidden,,,,,,,,,,,,,,,,,
https://www.mql5.com/en/signals/2354869,error:HTTP Error 403: Forbidden,,,,,,,,,,,,,,,,,
https://www.mql5.com/en/signals/2354896,error:HTTP Error 403: Forbidden,,,,,,,,,,,,,,,,,
https://www.mql5.com/en/signals/2354923,error:HTTP Error 403: Forbidden,,,,,,,,,,,,,,,,,
https://www.mql5.com/en/signals/2354967,error:HTTP Error 403: Forbidden,,,,,,,,,,,,,,,,,
https://www.mql5.com/en/signals/2354979,error:HTTP Error 403: Forbidden,,,,,,,,,,,,,,,,,
https://www.mql5.com/en/signals/2355082,error:HTTP Error 403: Forbidden,,,,,,,,,,,,,,,,,
https://www.mql5.com/en/signals/2355128,error:HTTP Error 403: Forbidden,,,,,,,,,,,,,,,,,
https://www.mql5.com/en/signals/2355182,error:HTTP Error 403: Forbidden,,,,,,,,,,,,,,,,,
https://www.mql5.com/en/signals/2355314,error:HTTP Error 403: Forbidden,,,,,,,,,,,,,,,,,
https://www.mql5.com/en/signals/2355347,error:HTTP Error 403: Forbidden,,,,,,,,,,,,,,,,,
https://www.mql5.com/en/signals/2355361,error:HTTP Error 403: Forbidden,,,,,,,,,,,,,,,,,
https://www.mql5.com/en/signals/2355365,error:HTTP Error 403: Forbidden,,,,,,,,,,,,,,,,,
https://www.mql5.com/en/signals/2355376,error:HTTP Error 403: Forbidden,,,,,,,,,,,,,,,,,
https://www.mql5.com/en/signals/2355377,error:HTTP Error 403: Forbidden,,,,,,,,,,,,,,,,,
https://www.mql5.com/en/signals/2355579,error:HTTP Error 403: Forbidden,,,,,,,,,,,,,,,,,
https://www.mql5.com/en/signals/2355581,error:HTTP Error 403: Forbidden,,,,,,,,,,,,,,,,,
https://www.mql5.com/en/signals/2355598,error:HTTP Error 403: Forbidden,,,,,,,,,,,,,,,,,
https://www.mql5.com/en/signals/2355602,error:HTTP Error 403: Forbidden,,,,,,,,,,,,,,,,,
https://www.mql5.com/en/signals/2355625,error:HTTP Error 403: Forbidden,,,,,,,,,,,,,,,,,
https://www.mql5.com/en/signals/2355632,error:HTTP Error 403: Forbidden,,,,,,,,,,,,,,,,,
https://www.mql5.com/en/signals/2355686,error:HTTP Error 403: Forbidden,,,,,,,,,,,,,,,,,
https://www.mql5.com/en/signals/2355692,error:HTTP Error 403: Forbidden,,,,,,,,,,,,,,,,,
https://www.mql5.com/en/signals/2355839,error:HTTP Error 403: Forbidden,,,,,,,,,,,,,,,,,
https://www.mql5.com/en/signals/2355897,error:HTTP Error 403: Forbidden,,,,,,,,,,,,,,,,,
https://www.mql5.com/en/signals/2356009,error:HTTP Error 403: Forbidden,,,,,,,,,,,,,,,,,
https://www.mql5.com/en/signals/2356123,error:HTTP Error 403: Forbidden,,,,,,,,,,,,,,,,,
https://www.mql5.com/en/signals/2356149,error:HTTP Error 403: Forbidden,,,,,,,,,,,,,,,,,
https://www.mql5.com/en/signals/2356275,error:HTTP Error 403: Forbidden,,,,,,,,,,,,,,,,,
https://www.mql5.com/en/signals/2356355,error:HTTP Error 403: Forbidden,,,,,,,,,,,,,,,,,
https://www.mql5.com/en/signals/2356441,error:HTTP Error 403: Forbidden,,,,,,,,,,,,,,,,,
https://www.mql5.com/en/signals/2356528,error:HTTP Error 403: Forbidden,,,,,,,,,,,,,,,,,
https://www.mql5.com/en/signals/2356592,error:HTTP Error 403: Forbidden,,,,,,,,,,,,,,,,,
https://www.mql5.com/en/signals/2356595,error:HTTP Error 403: Forbidden,,,,,,,,,,,,,,,,,
https://www.mql5.com/en/signals/2356645,error:HTTP Error 403: Forbidden,,,,,,,,,,,,,,,,,
https://www.mql5.com/en/signals/2356699,error:HTTP Error 403: Forbidden,,,,,,,,,,,,,,,,,
https://www.mql5.com/en/signals/2356717,error:HTTP Error 403: Forbidden,,,,,,,,,,,,,,,,,
https://www.mql5.com/en/signals/2356731,error:HTTP Error 403: Forbidden,,,,,,,,,,,,,,,,,
https://www.mql5.com/en/signals/2356809,error:HTTP Error 403: Forbidden,,,,,,,,,,,,,,,,,
https://www.mql5.com/en/signals/2356856,error:HTTP Error 403: Forbidden,,,,,,,,,,,,,,,,,
https://www.mql5.com/en/signals/2356857,error:HTTP Error 403: Forbidden,,,,,,,,,,,,,,,,,
https://www.mql5.com/en/signals/2356870,error:HTTP Error 403: Forbidden,,,,,,,,,,,,,,,,,
https://www.mql5.com/en/signals/2356872,error:HTTP Error 403: Forbidden,,,,,,,,,,,,,,,,,
https://www.mql5.com/en/signals/2357041,error:HTTP Error 403: Forbidden,,,,,,,,,,,,,,,,,
https://www.mql5.com/en/signals/2357211,error:HTTP Error 403: Forbidden,,,,,,,,,,,,,,,,,
https://www.mql5.com/en/signals/2357227,error:HTTP Error 403: Forbidden,,,,,,,,,,,,,,,,,
https://www.mql5.com/en/signals/2357267,error:HTTP Error 403: Forbidden,,,,,,,,,,,,,,,,,
https://www.mql5.com/en/signals/2357299,error:HTTP Error 403: Forbidden,,,,,,,,,,,,,,,,,
https://www.mql5.com/en/signals/2357375,error:HTTP Error 403: Forbidden,,,,,,,,,,,,,,,,,
https://www.mql5.com/en/signals/2357453,error:HTTP Error 403: Forbidden,,,,,,,,,,,,,,,,,
https://www.mql5.com/en/signals/2357551,error:HTTP Error 403: Forbidden,,,,,,,,,,,,,,,,,
https://www.mql5.com/en/signals/2357650,error:HTTP Error 403: Forbidden,,,,,,,,,,,,,,,,,
https://www.mql5.com/en/signals/2357703,error:HTTP Error 403: Forbidden,,,,,,,,,,,,,,,,,
https://www.mql5.com/en/signals/2357715,error:HTTP Error 403: Forbidden,,,,,,,,,,,,,,,,,
https://www.mql5.com/en/signals/2357829,error:HTTP Error 403: Forbidden,,,,,,,,,,,,,,,,,
https://www.mql5.com/en/signals/2357831,error:HTTP Error 403: Forbidden,,,,,,,,,,,,,,,,,
https://www.mql5.com/en/signals/2357832,error:HTTP Error 403: Forbidden,,,,,,,,,,,,,,,,,
https://www.mql5.com/en/signals/2357834,error:HTTP Error 403: Forbidden,,,,,,,,,,,,,,,,,
https://www.mql5.com/en/signals/2357949,error:HTTP Error 403: Forbidden,,,,,,,,,,,,,,,,,
https://www.mql5.com/en/signals/2358087,error:HTTP Error 403: Forbidden,,,,,,,,,,,,,,,,,
https://www.mql5.com/en/signals/2358169,error:HTTP Error 403: Forbidden,,,,,,,,,,,,,,,,,
https://www.mql5.com/en/signals/2358199,error:HTTP Error 403: Forbidden,,,,,,,,,,,,,,,,,
https://www.mql5.com/en/signals/2358330,error:HTTP Error 403: Forbidden,,,,,,,,,,,,,,,,,
https://www.mql5.com/en/signals/2358336,error:HTTP Error 403: Forbidden,,,,,,,,,,,,,,,,,
https://www.mql5.com/en/signals/2358445,error:HTTP Error 403: Forbidden,,,,,,,,,,,,,,,,,
https://www.mql5.com/en/signals/2358645,error:HTTP Error 403: Forbidden,,,,,,,,,,,,,,,,,
https://www.mql5.com/en/signals/2358662,error:HTTP Error 403: Forbidden,,,,,,,,,,,,,,,,,
https://www.mql5.com/en/signals/2358823,error:HTTP Error 403: Forbidden,,,,,,,,,,,,,,,,,
https://www.mql5.com/en/signals/2358837,error:HTTP Error 403: Forbidden,,,,,,,,,,,,,,,,,
https://www.mql5.com/en/signals/2358857,error:HTTP Error 403: Forbidden,,,,,,,,,,,,,,,,,
https://www.mql5.com/en/signals/2358859,error:HTTP Error 403: Forbidden,,,,,,,,,,,,,,,,,
https://www.mql5.com/en/signals/2358902,error:HTTP Error 403: Forbidden,,,,,,,,,,,,,,,,,
https://www.mql5.com/en/signals/2358938,error:HTTP Error 403: Forbidden,,,,,,,,,,,,,,,,,
https://www.mql5.com/en/signals/2359033,error:HTTP Error 403: Forbidden,,,,,,,,,,,,,,,,,
https://www.mql5.com/en/signals/2359104,error:HTTP Error 403: Forbidden,,,,,,,,,,,,,,,,,
https://www.mql5.com/en/signals/2359318,error:HTTP Error 403: Forbidden,,,,,,,,,,,,,,,,,
https://www.mql5.com/en/signals/2359368,error:HTTP Error 403: Forbidden,,,,,,,,,,,,,,,,,
https://www.mql5.com/en/signals/2359404,error:HTTP Error 403: Forbidden,,,,,,,,,,,,,,,,,
https://www.mql5.com/en/signals/2359427,error:HTTP Error 403: Forbidden,,,,,,,,,,,,,,,,,
https://www.mql5.com/en/signals/2359474,error:HTTP Error 403: Forbidden,,,,,,,,,,,,,,,,,
https://www.mql5.com/en/signals/2359933,error:HTTP Error 403: Forbidden,,,,,,,,,,,,,,,,,
https://www.mql5.com/en/signals/2360047,error:HTTP Error 403: Forbidden,,,,,,,,,,,,,,,,,
https://www.mql5.com/en/signals/2360068,error:HTTP Error 403: Forbidden,,,,,,,,,,,,,,,,,
https://www.mql5.com/en/signals/2361784,error:HTTP Error 403: Forbidden,,,,,,,,,,,,,,,,,
https://www.mql5.com/en/signals/2361936,error:HTTP Error 403: Forbidden,,,,,,,,,,,,,,,,,
https://www.mql5.com/en/signals/2361964,error:HTTP Error 403: Forbidden,,,,,,,,,,,,,,,,,
https://www.mql5.com/en/signals/2362085,error:HTTP Error 403: Forbidden,,,,,,,,,,,,,,,,,
https://www.mql5.com/en/signals/2362297,error:HTTP Error 403: Forbidden,,,,,,,,,,,,,,,,,
https://www.mql5.com/en/signals/270232,error:HTTP Error 403: Forbidden,,,,,,,,,,,,,,,,,
https://www.mql5.com/en/signals/539949,error:HTTP Error 403: Forbidden,,,,,,,,,,,,,,,,,
https://www.mql5.com/en/signals/544163,error:HTTP Error 403: Forbidden,,,,,,,,,,,,,,,,,
https://www.mql5.com/en/signals/682520,error:HTTP Error 403: Forbidden,,,,,,,,,,,,,,,,,
https://www.mql5.com/en/signals/683917,error:HTTP Error 403: Forbidden,,,,,,,,,,,,,,,,,
https://www.mql5.com/en/signals/731021,error:HTTP Error 403: Forbidden,,,,,,,,,,,,,,,,,
https://www.mql5.com/en/signals/734515,error:HTTP Error 403: Forbidden,,,,,,,,,,,,,,,,,
https://www.mql5.com/en/signals/743742,error:HTTP Error 403: Forbidden,,,,,,,,,,,,,,,,,
https://www.mql5.com/en/signals/762818,error:HTTP Error 403: Forbidden,,,,,,,,,,,,,,,,,
https://www.mql5.com/en/signals/763292,error:HTTP Error 403: Forbidden,,,,,,,,,,,,,,,,,
https://www.mql5.com/en/signals/840474,error:HTTP Error 403: Forbidden,,,,,,,,,,,,,,,,,
https://www.mql5.com/en/signals/856903,error:HTTP Error 403: Forbidden,,,,,,,,,,,,,,,,,
https://www.mql5.com/en/signals/856907,error:HTTP Error 403: Forbidden,,,,,,,,,,,,,,,,,
https://www.mql5.com/en/signals/884935,error:HTTP Error 403: Forbidden,,,,,,,,,,,,,,,,,
https://www.mql5.com/en/signals/926651,error:HTTP Error 403: Forbidden,,,,,,,,,,,,,,,,,
https://www.mql5.com/en/signals/938930,error:HTTP Error 403: Forbidden,,,,,,,,,,,,,,,,,
https://www.mql5.com/en/signals/942894,error:HTTP Error 403: Forbidden,,,,,,,,,,,,,,,,,
https://www.mql5.com/en/signals/956328,error:HTTP Error 403: Forbidden,,,,,,,,,,,,,,,,,
https://www.mql5.com/en/signals/973927,error:HTTP Error 403: Forbidden,,,,,,,,,,,,,,,,,
https://www.mql5.com/en/signals/984972,error:HTTP Error 403: Forbidden,,,,,,,,,,,,,,,,,
